編號,寺廟名稱,主祀神佛像,場所區域,場所地址,組織型態,聯絡電話,負責人,宗教別,建別,"新登記證字號
正式登記","新登記證字號
補辦登記"
1,左營仙樹三山宮,仙樹爺公、三山國王,左營區,左營下路240號,管理委員會制,5831044,楊順良,道,募,左025,
2,千佛山般若寺,釋迦牟尼佛,左營區,文府路532號,管理人(住持)制,3461908,黃麗姿(釋若惟),佛,募,左004,
3,元慶寺,釋迦牟尼佛,左營區,左營大路587號,執事會制,5832598,陳志彗(釋傳嚴),佛,募,左009,
4,天府宮,中壇元帥,左營區,蓮潭路158號,管理委員會制,5834883,李坤禮,道,募,左016,
5,太陽宮,太陽星君,左營區,新庄仔路546巷38號,管理委員會制,5562327,林劍雄,道,募,左027,
6,左營元帝廟,北極玄天上帝,左營區,左營下路87號,管理委員會制,5832468,黃慶國,道,募,左013,
7,左營慈母慈惠堂,瑤池金母,左營區,菜公路102巷29之51號,管理人(住持)制,5880624,陳正一,道,募,,左補003
8,左營慶隆宮,溫府千歲,左營區,左營大路301巷16號,管理人(住持)制,5851370,謝寶霖,道,募,,左補002
9,左營豐穀宮,神農大帝、天上聖母,左營區,左營大路495號,管理委員會制,5825207,黃慶國,道,募,左012,
10,佛光山南屏別院,釋迦牟尼佛,左營區,忠言路28號,執事會制,5568016,趙秀娟,佛,募,左002,
11,法隆寺,釋迦牟尼佛,左營區,埤子頭街36號,管理人(住持)制,5832868,洪素華,佛,募,左005,
12,青雲宮,保生大帝,左營區,新中街130號,管理委員會制,5562996,李明德,道,募,左011,
13,保善宮,觀世音佛祖,左營區,左營大路401巷31號,管理委員會制,5820369,蔡萬傳,佛,募,左007,
14,星顯宮,太陽星君、芋葉祖師、五顯大帝,左營區,新庄仔路280、282號,管理委員會制,3411515,王衍賓,道,募,左028,
15,財團法人高雄市廍後北極殿,北極玄天上帝,左營區,海平路2號,財團法人制,5827102,薛清正,道,募,左001,
16,高雄新莊天后宮,天上聖母,左營區,重清路278巷51號,管理委員會制,3410080,洪春基,道,募,左019,
17,埤子頭鎮福廟,福德正神,左營區,左營大路6巷81號3樓,管理委員會制,5825439,謝加富,道,募,左015,
18,啟明堂,孔夫子、文衡聖帝,左營區,蓮潭路36號,管理人(住持)制,5816216,陳雲龍,儒,募,左022,
19,清水宮,清水祖師,左營區,尾北里9鄰環潭路220號,管理委員會制,5835031,李武可,道,募,左008,
20,菜公豐谷宮,神農大帝,左營區,菜公一路91號,管理委員會制,3455059,彭及道,道,募,左003,
21,順天宮,池府千歲,左營區,蓮潭路97巷16號,管理人(住持)制,5877439,蔣國仙,道,募,左023,
22,慈德宮,天上聖母、南天福德正神,左營區,店仔頂街9號,管理委員會制,5819045,黃世樟,道,募,左017,
23,慈濟宮,保生大帝,左營區,蓮潭路9號,管理委員會制,5819286,陳聖仁,道,募,左018,
24,新吉莊北極殿,北極玄天上帝,左營區,新上街86號,管理委員會制,5563148,王信雄,道,募,左014,
25,新庄仔天公廟,玉皇上帝,左營區,新下街115號,管理人(住持)制,5592092,蔡淑芬,道,募,左021,
26,萬姓公媽祠,萬姓公媽,左營區,翠華路1686之1號,管理委員會制,3614613,蘇秀月,道,募,,左補001
27,葫蘆尾福德廟,福德正神,左營區,文奇路170巷12-1號,管理委員會制,3411911,宋隆鑑,道,募,左024,
28,福德祠,福德正神,左營區,新庄仔路548號,管理委員會制,5562996,李明德,道,募,左010,
29,興隆淨寺,釋迦牟尼佛,左營區,新下街7巷4號,管理人(住持)制,5575771,林美慧(釋心淳),佛,募,左026,
30,舊城城隍廟,城隍尊神,左營區,店仔頂路1號,管理委員會制,5832356,李榮宗,道,募,左006,
31,護安寺,觀世音菩薩,左營區,蓮潭路116巷6弄2號,執事會制,5832184,鄭榮昌,佛,募,左020,
32,高雄左營聖門靈霄寶殿天公廟,天父上帝、地母娘娘,左營區,左營大路549巷1號,管理人(住持)制,5817661,柳妙娘,道,募,左029,
33,左營福山里慈福宮,福德正神,左營區,榮總路442巷51號,管理委員會制,3459881,莊庭榛,道,募,左030,
34,清和宮,元帥爺(辛天君),阿蓮區,中正路596號,管理委員會制,6311514 6317349,陳俊男,道,募,阿010,
35,光德寺,釋迦牟尼佛,阿蓮區,港後里港後76號,執事會制,6312069,莊忠桓(釋悟桓),佛,募,阿026,
36,薦善堂,文衡聖帝,阿蓮區,阿蓮里民族路206巷26號,管理人制,6312058 6312035,朱清長,佛,募,阿006,
37,興濟宮,玄天上帝,阿蓮區,青旗里青旗194號,管理委員會制,6312141,陳文曉,道,募,阿011,
38,萬福宮,玄天上帝,阿蓮區,中路里中路3號,管理委員會制,6317402 6316828,余盆成,道,募,阿002,
39,崙頂武當山,玄天上帝,阿蓮區,港後里崙頂28號,管理委員會制,6311450,楊永三,道,募,阿025,
40,港後北極殿,玄天上帝,阿蓮區,港後里港後50號,管理委員會制,6312145 6321359 ,陳文雄,道,募,阿001,
41,中甲北極殿,北極玄天上帝,阿蓮區,港後里港後151號,管理委員會制,,張三吉,道,募,阿022,
42,土庫北極殿,玄天上帝,阿蓮區,復安里復安64號,管理委員會制,6332975,林永裕,道,募,阿012,
43,崑崙宮,三山國王,阿蓮區,玉庫里玉庫59號,管理委員會制,6311952,鄭永森,道,募,阿014,
44,龍湖庵,釋迦牟尼佛,阿蓮區,復安里復安215號,執事會制,6332188 6332008,釋印悟(吳月桃),佛,募,阿003,
45,福全堂,觀世音菩薩,阿蓮區,復安里復安216號,管理人制,6312604 6331256,釋妙直(洪玉蘭),佛,募,阿027,
46,靜修寺,觀世音菩薩,阿蓮區,復安里復安217號,執事會制,6313515 6332515 6332751,釋天亨(李祁良),佛,募,阿009,
47,超峰寺,觀世音菩薩,阿蓮區,崗山里崗山5號,執事會制,6332754 6332024,釋天池(鄭光原),佛,募,阿019,
48,蓮峰寺,釋迦牟尼佛,阿蓮區,崗山里9號,管理人制,6332917 6332201,釋天燈(黃麗樺),佛,募,阿015,
49,新超峰寺,釋迦牟尼佛,阿蓮區,崗山里崗山95號,執事會制,6312291,釋天池(鄭光原),佛,募,阿020,
50,福德祠,福德正神,阿蓮區,石安里石安215-1號,管理委員會制,6311832,包鐵樹,道,募,阿018,
51,崗后宮,天上聖母,阿蓮區,崗山里崗山57號,管理委員會制,6332436 6310436,吳尚儒,道,募,阿021,
52,上南天福德祠,福德正神,阿蓮區,阿蓮里民族路303之1號,管理委員會制,6313445 6314300,林黎山,道,募,阿017,
53,南安宮,南極大帝,阿蓮區,復安里復安127號,管理委員會制,6331078,戴明昇,道,募,阿005,
54,代天府,朱王爺,阿蓮區,崗山里崗山89號,管理人制,6333262,陳計文,道,募,阿023,
55,胤科祠堂,觀世音佛祖,阿蓮區,和蓮里中正路701巷17號,管理委員會制,6315298,陳再福,佛,募,阿016,
56,高府元帥廟,高府元帥,阿蓮區,南蓮里中正路141巷41弄12號,管理人制,6313688,高坤龍,道,募,阿024,
57,紫微殿,三官大帝,阿蓮區,峯山里峰南66之16號,管理人制,6321963,林界政,道,募,阿007,
58,龍嚴精舍,觀世音菩薩,阿蓮區,崗山里崗山5之6號,管理人制,6332691,釋地觀,佛,募,阿004,
59,無極天皇宮,無極天王,阿蓮區,復安8-36號,管理人制,6331340,劉福興,道,募,阿008,
60,慈聖宮,瑤池金母,阿蓮區,阿蓮里中正路424號,管理人制,6311195,張靈銖,道,募,,阿補008
61,宗聖堂,廣澤尊王,阿蓮區,和蓮里中正路701巷63號,管理委員會制,6318390,朱泰寶,道,募,,阿補001
62,華山聖堂,明明上帝,阿蓮區,復安里復安215之2號,管理委員會制,2701631 6331171,林山鎮,一貫道,募,,阿補004
63,恒湖精舍,三寶佛,阿蓮區,復安里復安211之19號,管理人制,6331129,王琇珠,佛,募,,阿補009
64,觀因寺,觀世音菩薩,阿蓮區,復安里復安211之33號,管理人制,6331480,釋天理(陳秀里),佛,募,,阿補013
65,善峰寺,觀音佛祖,阿蓮區,峯山里峰北路68之5號,管理人制,6314151,吳茂成,道,募,,阿補017
66,三奶宮,三奶夫人,阿蓮區,石安里140之12號,管理委員會制,6319760,包鐵樹,道,募,,阿補014
67,保生宮,保生大帝,阿蓮區,石安里石安225號,管理人制,6319981 6313317,石新發,道,募,,阿補012
68,彌陀精舍,釋迦牟尼佛,阿蓮區,復安路211之20號,執事會制,6332037,釋圓照(吳江菊枝),佛,募,,阿補011
69,慈庵,釋迦牟尼佛,阿蓮區,復安里11之18號,執事會制,6333262,釋堅德,佛,募,,阿補002
70,諦觀蘭若,釋迦牟尼佛,阿蓮區,復安里復安路215之1號,執事會制,6333385,釋悟生(陳建安),佛,募,,阿補006
71,淨行精舍,釋迦牟尼佛,阿蓮區,青旗里成功街420巷115號,執事會制,6315241,葉月絲(釋融諦),佛,募,阿028,
72,里仁聖道院,孚佑帝君,阿蓮區,石安里石安13之8號,管理委員會制,6316851,邱慶舟,道,募,,阿補010
73,僧寶寺,三寶佛,阿蓮區,復安里再興120號,管理委員會制,6284879,釋傳錫,佛,募,,阿補018
74,天尊府佬師廟,玉皇上帝,阿蓮區,崗山里8號之2,管理人制,6331900,宋偉儒,道,募,,阿補007
75,妙靈宮,觀音佛祖,阿蓮區,青旗里50之60號,管理人制,6318055,程清泉,道,募,,阿補016
76,清雲寺,釋迦牟尼佛,阿蓮區,復安里205之2號,執事會制,6332336,釋地慧,佛,募,,阿補005
77,天朝后宮,天上聖母,阿蓮區,阿蓮里中正路16巷29號,管理委員會制,6313651,曾源和,道,募,,阿補015
78,昊天靈山聖道院,轉輪聖王,阿蓮區,峯山里建國100號,管理委員會制,6310724,劉金源,道,募,阿029,
79,路竹佛教堂,釋迦牟尼佛,路竹區,中山路1241巷11號,執事會制,6962274,黃虹蟬,佛,募,路028,
80,蔡文聲靈宮,池府千歲,路竹區,文北里文化路274號,管理委員會制,6969191,吳律,道,募,路010,
81,蔡文福靈宮,福德正神,路竹區,文北里文化路274號,管理人制,6962146,吳律,道,募,路020,
82,五公通善堂,五公菩薩,路竹區,文北里延平路388巷2號,管理人制,6965853,洪清惠,佛,募,路008,
83,文南五公堂,五公佛祖,路竹區,文南里中華路234號,管理人制,6963811,洪明進,佛,募,路033,
84,蔡文妙覺寺,釋迦佛,路竹區,文南里中華路337巷680號,管理人制,6972209,洪政典,佛,募,路023,
85,竹滬華山殿,寧靖王,路竹區,竹滬里華山路7號,管理委員會制,6983268,劉崑芳,道,募,路015,
86,竹滬太子宮,太子爺,路竹區,竹滬里華山路7號,管理委員會制,6981826,劉榮謀,道,募,路018,
87,後鄉福德祠,福德正神,路竹區,後區里順安路,管理人制,6967307,黃金車,道,募,路030,
88,竹滬北極殿,北極上帝,路竹區,竹滬里華山路135號,管理委員會制,6981009,邱煌文,道,募,路017,
89,頂寮三公宮,觀音佛祖,路竹區,頂寮里三公路73號,管理委員會制,6982606,王清誥,道,募,路027,
90,新達清雲宮,普庵祖師,路竹區,新達里平海路86巷27號,管理委員會制,6982352,黃登源,佛,募,路006,
91,下甲北極殿,北極上帝,路竹區,新達里下甲路13之1號,管理委員會制,6983726,蔡桐滿,道,募,路007,
92,後鄉順安宮,朱王爺,路竹區,後鄉里順安路60之1號,管理委員會制,6974021,黃金車,道,募,路026,
94,北嶺福德祠,福德正神,路竹區,北嶺里民治路79號,管理委員會制,6968619,林清輝,道,募,路013,
95,三爺武安宮,池府千歲,路竹區,三爺里民族路137號,管理委員會制,6961266,石定步,道,募,路021,
96,鴨寮保安宮,保生大帝,路竹區,鴨寮里保安路88號,管理委員會制,6965438,蘇朝欽,道,募,路001,
97,大社東安宮,王爺公,路竹區,社東里東安路36巷1號,管理委員會制,6964169,顏全家,道,募,路005,
98,大社福德祠,福德正神,路竹區,社西里信義路58號,管理委員會制,,顏全家,道,募,路016,
99,北嶺古安宮,玄天上帝,路竹區,北嶺里民有路121號,管理委員會制,6961964,林清輝,道,募,路014,
100,一甲觀音亭,觀世音佛祖,路竹區,甲南里大智路39號,管理委員會制,6965481,王和雄,道,募,路002,
101,道隆寺,釋迦佛,路竹區,甲南里一甲路70號,執事會制,6962427,釋天海,佛,募,路034,
102,一甲代天府,千歲爺,路竹區,甲南里大仁路367號,管理委員會制,6973053,王和雄,道,募,路003,
103,一甲福德宮,福德正神,路竹區,甲北里平和路105之1號,管理委員會制,6974321,王和雄,道,募,路004,
104,萬壽堂,萬壽公,路竹區,甲北里永華路69號,管理人制,6968691 6967934,王清湖,道,募,路032,
105,下坑福善宮,李府千歲,路竹區,下坑里太平路276號,管理委員會制,6952104,鄭倉雲,道,募,路011,
106,下坑元帥祠,元帥,路竹區,下坑里大德路295號,管理人制,6952466,蔡榮坤,道,募,路031,
107,下坑福德祠,福德正神,路竹區,下坑里福善段974地號,管理委員會制,6952104,鄭倉雲,道,募,路012,
108,路竹天后宮,媽祖,路竹區,竹東里中山路1015號,管理委員會制,6966417,林景星,道,募,路009,
109,慧賢宮,濟公,路竹區,甲南里環球路658號, 管理人制,6930120,陳碧霞,道,募,路024,
110,新園北極殿,玄天上帝,路竹區,竹園里新生路194巷52弄15號,管理委員會制,6951721,許進卿,道,募,路029,
111,淨安寺,釋迦牟尼佛,路竹區,社東里東安路36巷1155號,執事會制,6960960,詹瑞和(釋悟豪),佛,募,路019,
112,千軍府,千軍萬里帥,路竹區,甲北里永華路33之7號,管理人制,6967288,王清湖,道,募,,路補004
113,大社聖帝殿,文衡聖帝,路竹區,社東里大社路565巷13號,管理委員會制,6968334,顏金財,道,募,,路補001
114,路竹天后宮,天上聖母,路竹區,竹西里聖母街60之1號,管理委員會制,6966417,林景星,道,募,,路補003
115,萬應公祠,萬應公爺,路竹區,文南里延平路,管理人制,6962616,洪炎傳,道,募,,路補014
116,北極殿,北極玄天上帝,路竹區,甲北里大智路,管理人制,6966654,林福順,道,募,,路補012
117,路竹東嶽宮,仁聖大帝,路竹區,竹西里文化路10巷1號,管理人制,6968351,林景星,道,募,,路補011
118,下坑天龍宮,五府千歲,路竹區,下坑里太平路262巷116號,管理人制,6951651,王天勇,道,募,,路補013
119,代天宮,三千歲,路竹區,北嶺里民主路505之1號,管理人制,6913309,黃建誠,道,募,,路補005
120,大明慈碧宮,天上聖母,路竹區,文北里延平路432之1號,管理人制,6964260,洪進惠,道,募,,路補002
121,海皇宮,海皇天子,路竹區,竹園里新生路45號,管理人制,6951131,林天補,道,募,,路補010
122,天濟宮,道濟仙師,路竹區,三爺里民權路58號,管理委員會制,6965589,邱文雄,道,募,,路補009
123,伍福宮,伍佛祖,路竹區,頂寮里海安路165之1號,管理委員會制,6982493,黃武龍,道,募,,路補008
124,嶽府殿,東嶽大帝,路竹區,三爺里民族路180之1號,管理委員會制,6961266,石定步,道,募,,路補006
125,龍發堂,上帝公,路竹區,甲南里環球465號,管理人制,6966543,釋心善(李秋月),道,募,,路補007
126,擇善佛堂,觀世音菩薩,湖內區,大湖里民權路221號,管理人制,6932411,吳百合,佛,募,湖011,
127,海山宮,七府千歲,湖內區,海山里仁愛街16巷17號,管理委員會制,6994574,劉清賢,道,募,湖008,
128,無極萬應公廟,萬年神,湖內區,海埔里忠孝街242號,管理人制,6993047,劉坤霖,道,募,湖006,
129,慈濟宮,保生大帝,湖內區,中賢里信義路255號,管理委員會制,6994154,曾國營,道,募,湖005,
130,天福宮,福德正神,湖內區,湖東里民生街245號,管理委員會制,6932745,謝朝宗,道,募,湖003,
131,玉湖宮,保生大帝、五府千歲,湖內區,田尾里中山路1段496巷2號,管理委員會制,6931906,陳松田,道,募,湖010,
132,三興宮,朱府千歲,湖內區,中華街2號,管理委員會制,6994774,陳龍忠,道,募,湖004,
133,忠興宮,三侯郡馬千歲,湖內區,忠興里中正路2段620號,管理委員會制,6909174 6900001,邱建興,道,募,湖001,
134,清水寺,清水祖師,湖內區,葉厝里清水街25號,管理委員會制,6995176,林水欽,道,募,湖007,
135,觀音亭,觀世音菩薩,湖內區,民權路157號,管理委員會制,6933008,林明欽,佛,募,湖015,
136,碧湖宮,池府千歲,湖內區,中山路1段308巷14號,管理委員會制,6933008,林明欽,道,募,湖014,
137,福德祠,福德正神,湖內區,湖內里民族街380號,管理人制,6931180,林福順,道,募,湖019,
138,普濟宮,保生大帝,湖內區,湖內里民族街157號,管理人制,6931180,林福順,道,募,湖018,
139,長壽宮,保生大帝,湖內區,中山路1段453號,管理委員會制,6933008,林明欽,道,募,湖012,
140,福安宮,朱、李、池府千歲,湖內區,太爺里中正路1段102號,管理委員會制,6996373,郭明德,道,募,湖013,
141,玉湖寺,三寶佛,湖內區,中正路2段290巷62之1號,執事會制,6995453,黃慧英(釋法融),佛,募,湖002,
142,財團法人一貫道興毅純陽聖道院,明明上帝,湖內區,葉厝里保生路392號,財團法人制,6996999,李玉柱,一貫道,募,湖009,
143,普陀岩,觀世音菩薩,湖內區,逸賢里自強街70之1號,管理委員會制,6312187,蘇永昌,佛,募,湖017,
144,聖公媽廟,聖公,湖內區,中賢里中正路2段480巷63號,管理委員會制,,劉美蓮,道,募,湖016,
145,天后宮,天上聖母,湖內區,中正路二段400巷99號,管理委員會制,0921635977,林文榮,道,募,湖020,
146,元帥府,陳府元帥,湖內區,海埔里信義路143巷29號,管理委員會制,0935423221,陳明和,道,募,湖021,
147,慈善殿,華陀仙師,湖內區,葉厝里中正路1段306號,管理委員會制,6993302,李金村,道,募,,湖補002
148,天真福廟,盤古帝王,湖內區,田尾里中山路1段496巷106之2號,管理委員會制,6934543,陳松田,道,募,,湖補001
149,隆法宮,天上聖母,湖內區,海埔里中華街16號,管理人制,6992172,李振義,道,募,,湖補004
150,寶府祠,謝安公,湖內區,田尾里民權路244巷10之1號,管理人制,6932437,謝水永,道,募,,湖補003
151,李聖宮,五府千歲,湖內區,信義路67巷82號,管理委員會制,6996316,劉炎昇,道,募,,湖補005
152,萬福宮,五府千歲,茄萣區,萬福里白砂路237號,管理委員會制,6903521,史明長,道,募,茄009,
153,白雲寺,釋迦牟尼佛,茄萣區,白雲里文化路47號,管理人(住持)制,6908985,徐愛惠(釋印智),佛,募,茄012,
154,大仙禪寺,釋迦牟尼佛,茄萣區,白雲里文化路47之1號,管理人制,6901968,林威宇,佛,募,茄007,
155,威武廟,威烈侯,茄萣區,白雲里白砂路5號,管理委員會制,6900724,翁金友,道,募,茄004,
156,賜福宮,天上聖母,茄萣區,嘉泰里茄萣路2段57號,管理委員會制,6902251,李福生,道,募,茄001,
157,九星壇,九天玄女,茄萣區,和協里港埔2街1號,管理人制,6906916,吳屈,道,募,茄008,
158,金鑾宮,天上聖母,茄萣區,保定里港東街111號,管理委員會制,6902948,陳敏雄,道,募,茄005,
159,碧蓮寺,釋迦牟尼佛,茄萣區,光定里茄萣路1段178巷17號,管理人制,6905553,林俊吉,佛,募,茄010,
160,清水宮,清水祖師,茄萣區,吉定里濱海路2段3之1號,管理人制,6902101,薛金山,道,募,茄011,
161,太皇殿,太陽公,茄萣區,吉定里忠孝街22號,管理委員會制,6908031,邱義清,道,募,茄002,
162,正順廟,大使爺,茄萣區,崎漏里崎漏路68號,管理委員會制,6989982,邱東茂,道,募,茄003,
163,萬興廟,萬軍主帥,茄萣區,嘉賜里茄萣路958之1號,管理人制,6906104,林秋水,道,募,茄013,
164,明悟堂,關聖帝君,茄萣區,保定里信義路2段46號,管理委員會制,6905328,郭施碧華,道,募,茄006,
165,太陽殿,太陽公,茄萣區,大定里茄萣路1段228巷28號,管理人制,6902073,薛啟明,道,募,,茄補011
166,日月殿,太陽公,茄萣區,光定里忠孝街38之1號,管理人制,6900639,林石獅,道,募,,茄補012
167,聖母宮,天上聖母,茄萣區,福德里福德路32號,管理委員會制,6905394,林全成,道,募,,茄補004
168,靈霄殿,西秦老王爺,茄萣區,保定里港東街50之1號,管理委員會制,6905781,郭秋東,道,募,,茄補010
169,崎漏妙仙寺,三輪菩薩,茄萣區,崎漏里崎漏1街96巷20號,管理委員會制,6988022,邱佐南,道,募,,茄補001
170,無極總天靈台府,王母娘娘,茄萣區,白雲里公園路1號,管理委員會制,6905076,王明蘭,道,募,,茄補009
171,福德祠,福德正神,茄萣區,福德里福德路38號,管理人制,6906911,陳嘉川,道,募,,茄補006
172,新興宮,薛府千歲,茄萣區,保定里新庄巷41弄7之1號,管理人制,6908910,郭金堂,道,募,,茄補007
173,金鑾府,李府三千歲,茄萣區,保定里信義路2段23號,管理人制,6903645 6902032 6902513,郭清茂,道,募,,茄補003
174,順北宮,薛府王爺,茄萣區,嘉賜里忠孝街202之3號,管理人制,6906600,薛清輝,道,募,,茄補008
175,鎮福殿,開漳聖王,茄萣區,光定里濱海路2段61之1號,管理委員會制,6905836,陳明堂,道,募,,茄補005
176,城隍廟,鄭元帥,茄萣區,萬福里福德路280號,管理人制,6909778 6907509,曾國能,道,募,,茄補002
177,高雄市茄萣區廣信府天上聖母宮,天上聖母、張府天師、福德正神,茄萣區,崎漏里建興街113號,執事會制,6988412    0939352957,梁秋勗,道,募,茄014,
178,神鑾壇,三奶娘,茄萣區,萬福里文化路80號,管理人制,6900077,林麗枝,道,募,,茄補013
179,玉佛宮,觀音佛祖,永安區,永華路56號,管理委員會制,6914353,薛昆崙,道,募,永004,
180,文興宮,清水祖師,永安區,維新里維新路光明9巷66號,管理委員會制,6911373,張金敦,道,募,永007,
181,新港宮,五府千歲,永安區,新港里新興路128號,管理委員會制,6911808,何擇良,道,募,永009,
182,天后宮,天上聖母,永安區,永安里忠孝街36號,管理委員會制,6914199,黃世祿,道,募,永006,
183,保寧宮,池府千歲,永安區,保寧里保安路240號,管理人制,6912347,蘇枝益,道,募,永003,
184,南天宮,齊天大聖,永安區,維新里保安路49號,管理人制,6912071,林世民,道,募,永011,
185,天文宮,徐府千歲,永安區,維新里保安路5巷4號,管理委員會制,6912478,鄭正昌,道,募,永001,
186,永安宮,天上聖母,永安區,永華里永安路49號,管理委員會制,6912637,陳文閣,道,募,永002,
187,照顯府, 南普陀佛祖,永安區,永華里永達路2號,管理委員會制, 6910870,王明順,道,募,永005,
188,慈濟宮,保生大帝,永安區,永華里永華路5巷9號,管理委員會制,6913853,林明春,道,募,永008,
189,碧慈宮,三坪祖師,永安區,保寧里保安路61號,管理委員會制,,張振勝,道,募,永010,
190,玄德宮,福德正神,永安區,新港里興達路興達巷67之5號,管理委員會制,6912691,邱文添,道,募,,永補005
191,金隍宮,金鳳姑,永安區,維新里保安路4號,管理人制,6911564,黃進居,道,募,,永補004
192,永安朝天宮,天上聖母,永安區,永安里永達路44號,管理委員會制,6913903,蔡源亮,道,募,,永補001
193,忠義興賢宮,大將公,永安區,維新里光明9巷71之21號,管理委員會制,6913841 6911825,鄭英進,道,募,,永補002
194,興佑宮,好漢公,永安區,維新里光明9巷85號,管理委員會制,6913882 6911524,鄭莊秀花,道,募,,永補003
195,東隆宮,溫府千歲,永安區,維新里維新路光明十巷38-1號,管理人制,0911854000,鄭閎澤,道,募,永012,
196,三千宮,三奶娘娘,彌陀區,舊港里舊港路南2巷16號,管理委員會制,6196919,林皆得,道,募,彌010,
197,海明寺,釋迦牟尼佛,彌陀區,文安路寺巷15號,管理人(住持)制,6196241,釋悟豪,佛,募,彌014,
198,天慈宮,觀音佛祖,彌陀區,文安里文安路廟巷57之1號,管理委員會制,6196400,李清益,道,募,彌017,
199,文吉士廟,柳府千歲,彌陀區,文安里文安路3巷2號,管理人制,6196276,莊舍,道,募,彌016,
200,安樂宮,天上聖母,彌陀區,過港里產業路3號,管理委員會制,6193507,陳國華,道,募,彌006,
201,清和宮,天上聖母,彌陀區,光和里光和路79號,管理人制,6171436,吳鐘添,道,募,彌015,
202,彌陀寺,釋迦佛祖,彌陀區,彌靖里中正路340號,管理人制,6191185,釋圓敬(楊曾麗惠),佛,募,彌011,
203,玄天宮,上帝公,彌陀區,彌靖里中正西路114號,管理委員會制,6170952,吳義雄,道,募,彌007,
204,濟山宮,李府千歲,彌陀區,漯底里樂安路廟巷14號,管理委員會制,6175038,孫清課,道,募,彌008,
205,濟陽宮,本官公,彌陀區,彌壽里中正路6巷23號,管理人制,6179554,蔡永雄,道,募,彌004,
206,三和宮,池府千歲,彌陀區,彌仁里中正路7巷24號,管理委員會制,6171193,吳茂財,道,募,彌009,
207,北極殿,北極上帝,彌陀區,彌仁里中正路9巷2號,管理人制,6175668,陳再興,道,募,彌001,
208,彌壽宮,天上聖母,彌陀區,彌壽里中正西路11號,管理委員會制,6175629,宋秉修,道,募,彌003,
209,海尾朝天宮,天上聖母,彌陀區,海尾里海尾路54號,管理委員會制,6178556,宋清輝,道,募,彌002,
210,齊天宮,觀世音菩薩,彌陀區,海尾里海尾路221之11號,管理人制,6170206,黃勝陽,道,募,彌018,
211,南天宮,天上聖母,彌陀區,南寮里南寮路72之1號,管理委員會制,6177813,黃高明,道,募,彌013,
212,天南宮,天上聖母,彌陀區,南寮里南寮路光華四巷6之1號,管理人制,6102820,陳重成,道,募,彌012,
213,彌陀慈惠堂,西王金母,彌陀區,彌陀里中華路33之1號,管理人制,6175159,陳文榮,道,募,彌005,
214,萬應公祠,萬應公,彌陀區,舊港里舊港橫路魚塭145之35號,管理人制,6196027,吳鐘添,道,募,,彌補012
215,城隍府,城隍爺,彌陀區,文安里國校路26-1號,管理人制,6196114,吳進鏘,道,募,,彌補001
216,鹽埕過港代天府,池府千歲,彌陀區,過港里成功巷25之1號,管理人制,6192343,謝國泰,道,募,,彌補017
217,瀨南場代天府,池府千歲,彌陀區,鹽埕里東2巷5號,管理委員會制,6104341,蘇友茂,道,募,,彌補010
218,安樂寺,觀音佛祖,彌陀區,過港里成功巷3號,管理人制,6194407,林武雄,道,募,,彌補014
219,清龍宮,溫府千歲,彌陀區,彌陀里中山路1巷5號,管理人制,6177600,張安慶,道,募,,彌補011
220,古聖廟,應公應媽,彌陀區,彌陀里中正路自由巷89號,管理委員會制,6179533,陳吳素珍,道,募,,彌補004
221,光玩祠,觀世音菩薩,彌陀區,漯底里樂安路73-1號,管理人制,6178432,孫同榮,道,募,,彌補006
222,福德宮,福德正神,彌陀區,南寮里南寮路121-1號,管理人制,6197606,林讚丁,道,募,,彌補013
223,南聖宮,天上聖母,彌陀區,南寮里光華北巷6號,管理人制,6191332,葉守雄,道,募,,彌補003
224,開漳聖王府,陳聖王,彌陀區,南寮里中山巷6號,管理人制,6175646,陳文生,道,募,,彌補015
225,德峰寺,觀世音菩薩,彌陀區,南寮里南寮路21之2號,管理人制,6179265,陳幸(釋德敏),佛,募,,彌補018
226,萬應公廟,萬應公,彌陀區,漯底里公園路26號,管理人制,6105711,孫明文,道,募,,彌補007
227,載發祠,杳老公,彌陀區,漯底里四維路53之2號,管理人制,6100292,孫乾森,道,募,,彌補016
228,福德祠,福德正神,彌陀區,舊港里舊港路(港口段11地號),管理人制,6196919,林皆得,道,募,,彌補005
229,樂善宮,蘇府王爺、中壇元帥,彌陀區,過港里過港路69號,管理委員會制,6171601,張論宇,道,募,,彌補002
230,樂安宮,觀音佛祖,彌陀區,漯底里樂安路82號,管理人制,6171601,孫福源,道,募,,彌補009
231,海尾南天宮,五府千歲,彌陀區,海尾里進學路136-1號,管理人制,6104699,宋寶川,道,募,,彌補008
232,港口崙代天府,雷府千歲,彌陀區,彌陀里中華路13之1號,管理人制,6173877,蘇勝龍,道,募,彌019,
233,二路元帥府,二路元帥,彌陀區,過港里過港路西二巷7號,管理委員會制,6100628,陳士方,道,募,彌020,
234,梓官清水寺,清水祖師,梓官區,梓信里梓官路475巷41號,管理委員會制,6179755,蘇振聲,道,募,梓010,
235,義氣堂,文衡聖帝,梓官區,梓信里梓官路376號,管理委員會制,6103567,盧信雄,道,募,梓005,
236,梓官中崙城隍廟,城隍尊神,梓官區,梓義里梓官路城隍巷3號,管理委員會制,6171591,蔡焙璋,道,募,梓002,
237,善化堂,文衡聖帝,梓官區,梓義里中崙路225之1號,管理委員會制,6171629,劉振華,道,募,梓026,
238,碧瑞禪寺,釋迦牟尼佛,梓官區,梓和里平等路188號,執事會制,6172733,釋智印(徐愛惠),佛,募,梓017,
239,濟陽宮,保生大帝,梓官區,梓平里梓官路城隍巷123號,管理委員會制,6222814,蔡勝慧,道,募,梓027,
240,修悟堂,五府二千歲,梓官區,梓平里梓官路27號,管理人制,6171462,黃嘉雄,道,募,梓021,
241,紫雲堂,大鵬鳥元帥,梓官區,梓平里梓官路大宅巷110號,管理人制,6102577,黃益雄,道,募,梓007,
242,同安宮,關聖帝君,梓官區,同安里同安路183號,管理委員會制,6101494,許瑞林,道,募,梓012,
243,大壽宮,天上聖母,梓官區,大舍里大舍東路公厝巷4號,管理委員會制,6176715,郭松和,道,募,梓016,
244,明聖寺,廣澤尊王,梓官區,大舍里大舍南路61號,管理人制,6173252,郭正成,道,募,梓020,
245,淨華寺,釋迦牟尼佛,梓官區,赤崁東路55號,執事會制,6101118,陳嘉偉(釋新定),佛,募,梓015,
246,赤崁赤慈宮,天上聖母,梓官區,赤東里赤崁南路72巷12號,管理委員會制,6101379,蔡良鑑,道,募,梓003,
247,茄苳坑嘉隆宮,中壇元帥,梓官區,茄苳里嘉好路88號,管理人制,6101511,楊國安,道,募,梓008,
248,典寶代天府,五府千歲,梓官區,典寶里嘉展路218號,管理委員會制,6103443,林存賢,道,募,梓009,
249,聖安宮,盧聖伯公,梓官區,典寶里大舍南路293號,管理委員會制,6178509,蔡清日,道,募,梓014,
250,通安宮,廣澤尊王,梓官區,信蚵里通安路305巷30號,管理委員會制,6101628,曾志淵,道,募,梓001,
251,茄苳坑北極宮,玄天上帝,梓官區,茄苳里嘉展路420號,管理人制,6176389,蔡天文,道,募,梓023,
252,梓官清進宮,清水祖師,梓官區,赤崁里赤崁北路53號,管理委員會制,6103611,林坤明,道,募,梓013,
253,龍安堂,觀音佛祖,梓官區,通安路305巷3號,管理委員會制,6178151,蔡武洲,道,募,梓011,
254,赤崁清德堂,五福大帝,梓官區,赤崁里赤崁西路14巷36號,管理委員會制,6170690,蔡登財,道,募,梓019,
255,吉祥法寺,阿彌陀佛,梓官區,大舍里大舍東路聖公巷99號,住持制,6109742,劉畊甫(釋見倫),佛,募,梓006,
256,無極混元聖玄院赤崁天公廟,玄玄上人、玉皇上帝,梓官區,赤崁東路23號,管理人制,,郭三榮,道,募,梓025,
257,保安宮,天上聖母,梓官區,智蚵里中正路230號,管理委員會制,6170017,曾東來,道,募,梓024,
258,蚵子寮東隆宮,溫王爺,梓官區,智蚵里通安路181巷111號,管理委員會制,6176779,蔡蚶,道,募,梓022,
259,蚵仔寮北極殿,北極玄天上帝,梓官區,智蚵里中正路108號,管理委員會制,6195559,蔡昇樺,道,募,梓004,
260,代天巡狩慈善宮,觀世音菩薩,梓官區,赤崁東路390號,管理人制,6102180,賴志宏,道,募,梓018,
261,廣山寺,廣澤尊王,梓官區,赤崁東路118號,管理委員會制,6109113,郭慶和,道,募,梓028,
262,清玨(ㄕㄥ、)宮,步道祖師,梓官區,智蚵里中正路239之20號,管理人制,6102479,曾夏明,道,募,,梓補013
263,青龍宮,神農大帝,梓官區,智蚵里中正路245之1號,管理人制,6103252,蔡木雄,道,募,,梓補012
264,振淵宮,玄天大帝,梓官區,同安里淵官路62號,管理人制,6100796,李取皇,道,募,,梓補008
265,民安宮,五府千歲,梓官區,智蚵里通安路260巷10號,管理委員會制,6192434,黃振修,道,募,,梓補014
266,赤崁保生宮,保生大帝,梓官區,赤崁南路保生2巷7號,管理人制,6101343,王盧珠,道,募,,梓補009
267,慈源禪寺,釋迦牟尼佛,梓官區,嘉好路惠民巷81之1號,管理人制,6174546,温珍美,佛,募,,梓補010
268,中崙代天府,池府千歲,梓官區,中崙里145巷70號,管理委員會制,6104124,蔣金安,道,募,,梓補001
269,財團法人竹聖堂,竹仔腳祖,梓官區,信蚵里廣澤路1號,財團法人制,6105764,黃宏裕,道,募,,梓補015
270,蚵子寮觀海府,五府千歲,梓官區,禮蚵里光明路147巷10號,管理委員會制,6103060,曾水旺,道,募,,梓補007
271,赤崁慈皇宮,田島千歲,梓官區,赤崁東路235巷82之3號,管理委員會制,6171232,王政雄,道,募,,梓補003
272,興濟堂,保生大帝,梓官區,智蚵里通安路212巷70號,管理人制,6179825,黃啟發,道,募,,梓補006
273,天母宮,天上聖母,梓官區,智蚵里光明路17號,管理人制,6101939,蔡銘璋,道,募,,梓補011
274,財團法人蚵子寮朝天宮天上聖母船仔媽,天上聖母,梓官區,信蚵里廣澤路55之1號,財團法人制,6174807,陳勇志,道,募,,梓補002
275,龍興堂,觀音佛祖,梓官區,禮蚵里光明路92巷16號,管理人制,6178491,黃義榮,道,募,,梓補016
276,聖母宮,天上聖母,梓官區,禮蚵里光明路85巷26號,管理人制,6176395,戴奇發,道,募,,梓補004
277,元聖宮,中壇元帥,梓官區,赤崁東路130巷33之1號,管理委員會制,6177853,李金栗,道,募,,梓補005
278,北極殿,玄天上帝,梓官區,赤東里赤崁東路130巷59之1號,管理委員會制,6109509 6171261,劉萬生,道,募,,梓補017
279,清水寺,清水祖師,岡山區,為隨里為隨路135號,管理委員會制,6225547,曾益遜,道,募,岡001,
280,後協代天府,池府千歲,岡山區,後協里介壽西路106號,管理委員會制,6250020,楊明麟,道,募,岡011,
281,昌安宮,池府千歲,岡山區,台上里台上路37號,管理委員會制,6225477,李榮吉,道,募,岡032,
282,竹圍代天府,代天巡狩、五府千歲,岡山區,竹圍里竹圍中街66號,管理委員會制,6219690,劉燕國,道,募,岡022,
283,廣德宮,尪元師,岡山區,竹圍里新庄路1號之1,管理委員會制,6220433,蘇文卿,道,募,岡012,
284,岡山慈惠堂,瑤池金母娘娘,岡山區,維仁里維新路143巷7號,管理人(住持)制,"6217024
6211976",王耀慶,道,募,岡038,
285,代天府,池府千歲,岡山區,大遼里大遼路13號之1,管理委員會制,6261115,楊文生,道,募,岡031,
286,佛光寺,三寶佛,岡山區,大遼里大遼路117之12號,管理人(住持)制,6263470,釋本空,佛,募,岡033,
287,尫公寺,保儀尊王尫元帥,岡山區,程香里華園2路11號,管理委員會制,6226630,張文豪,道,募,岡005,
288,雷王府,雷府千歲,岡山區,後紅里大仁南路76號,管理委員會制,"6212375
6225311",張清榮,道,募,岡002,
289,岡山碧紅宮,池府千歲,岡山區,碧紅里大仁北路354之2號,管理委員會制,6210879,蔡錦雲,道,募,岡013,
290,真亘古廟,關聖帝君,岡山區,華崗里華崗路216號,管理委員會制,6281461,陳皇進,道,募,岡029,
291,清水宮,清水祖師,岡山區,拕子南街20號,管理委員會制,6282630,洪英齊,道,募,岡003,
292,大埔聖明宮,天上聖母,岡山區,華崗里大埔2街172號,管理委員會制,6281702,陳楠賓,道,募,岡014,
293,本洲里北興宮,玄天上帝,岡山區,本洲里本洲ㄧ街194巷11號,管理委員會制,6213486,陳永成,道,募,岡025,
294,碧雲宮,清水祖師,岡山區,灣裡里灣裡路2號,管理委員會制,6216237,林金標,道,募,岡019,
295,石潭代天府,萬府千歲,岡山區,石潭里石潭路79巷1號,管理委員會制,6253720,何芳澤,道,募,岡028,
296,瑞華堂,觀世音菩薩,岡山區,石潭里石潭路117巷19之1號,管理人(住持)制,6253375,曾儀容,道,募,岡036,
297,福興宮,三山國王,岡山區,福興里頂潭路13巷71號,管理委員會制,6250930,何進柱,道,募,岡026,
298,財團法人台灣省高雄縣岡山佛教堂,西方三聖,岡山區,信義里健鷹南路52號,財團法人制,6251993,劉家鳳,佛,募,岡020,
299,惠峰宮,天上聖母,岡山區,嘉峰里眾和巷19號,管理委員會制,6282429 6282821,李瑞霖,道,募,岡016,
300,慈雲北極殿,玄天上帝,岡山區,嘉峰里田厝一路15號,管理委員會制,6282907 6282299,徐昆煌,道,募,岡007,
301,崑山宮,三山國王,岡山區,潭底里潭底路崑山西巷2號,管理人(住持)制,6282915 6282028,余有見,道,募,岡037,
302,岡山警悟禪寺,"釋迦牟尼佛、
觀世音菩薩",岡山區,維仁里壽天路88號,管理委員會制,6212504 6217337,簡擇進,佛,募,岡024,
303,龍峰宮,北極玄天上帝,岡山區,前峰里大公路6號,管理委員會制,6264907 6256213 6264846,蔡明達,道,募,岡015,
304,財團法人岡山念佛堂,釋迦牟尼佛,岡山區,仁壽里中華路116號,財團法人制,6256005 6262644,鄭添原,佛,募,岡010,
305,慈雲紫微宮,關聖帝君,岡山區,協和里育英路99號,管理委員會制,6263928 6264709,林憶萍,道,募,岡034,
306,福全堂,觀世音菩薩,岡山區,碧紅里永樂街3巷21號,管理委員會制,6212773 6212082,黃順安,佛,募,岡004,
307,佛三萬化府仁壽宮,中壇元帥,岡山區,仁壽里正言街76巷1號,管理委員會制,6263472 6256789,蔡權明,道,募,岡009,
308,聖帝堂,關聖帝君,岡山區,程香里聖森路50號,管理委員會制,6215444,宋振欽,一貫道,募,岡008,
309,法山寺,釋迦牟尼佛,岡山區,本洲里本洲5街102號,管理人(住持)制,6213438,林麗珠(釋延定),佛,募,岡027,
310,聖善堂,關聖帝君,岡山區,台上里成功路88巷5號,管理委員會制,6211084 6216627,劉得龍,道,募,岡017,
311,岡山壽天宮,天上聖母,岡山區,壽天里公園路40號,管理委員會制,6212424 6212516,戴清福,道,募,岡006,
312,協和宮,池府千歲,岡山區,協和里協和街64號,管理委員會制,6257101,張永松,道,募,岡023,
313,關帝宮,關聖帝君,岡山區,大莊里大莊路295之1號,管理委員會制,6283013,陳丁陸,道,募,岡030,
314,寶公宮,天上聖母,岡山區,劉厝里劉厝路145號,管理委員會制,6254912,劉明宗,道,募,岡018,
315,玉旨普庵立心宮,天上聖母,岡山區,本洲里洲港路168巷8號,管理委員會制,6262439,李建興,道,募,岡021,
316,聖母宮,天上聖母,岡山區,嘉興里嘉興路80之1號,管理委員會制,6211724,蘇居福,道,募,,岡補002
317,超峰佛祖廟,觀音佛祖,岡山區,三和里山隙路99號,管理委員會制,6261277,陳萬田,佛,募,,岡補010
318,崑華宮,天上聖母,岡山區,三和里山隙路96巷36號,管理委員會制,6282679,郭美惠,道,募,,岡補008
319,發成金壇,城隍爺公祖,岡山區,嘉峰里嘉峰路60巷12-1號,管理委員會制,6282185,陳誠,道,募,,岡補018
320,塩埔代天府,五府千歲,岡山區,白米段91之2地號(暫時通訊地：岡山區白米路96巷3號)(廟方暫不申請門牌),管理委員會制,6252087,黃文勝,道,募,,岡補007
321,聖母宮,天上聖母,岡山區,大遼路3之1號,管理委員會制,6228257,謝超豐,道,募,,岡補015
322,清水寺,清水祖師,岡山區,白米里301巷36號,管理委員會制,6260831,蔡國源,道,募,,岡補017
323,清水祠,清水祖師,岡山區,台上里台上路47巷6號,管理委員會制,6211320,何萬居,道,募,,岡補006
324,忠聖堂,施聖王,岡山區,石潭里白米路462巷1之1號,管理委員會制,6252057,黃明耀,道,募,,岡補013
325,北極武鎮殿,玄天上帝,岡山區,大莊里大莊路267巷75之1號,管理委員會制,6282087,汪文茂,道,募,,岡補004
326,保興宮,保生大帝,岡山區,頂潭路107巷,管理人(住持)制,6255356,沈來發,道,募,,岡補016
327,淨覺寺,釋迦牟尼佛,岡山區,大遼里大遼路8之22號,管理人(住持)制,6270171,許雪花,佛,募,,岡補001
328,尪清宮,中壇元帥,岡山區,前峰里前峰路147號,管理委員會制,6263846,陳嘉亨,道,募,,岡補012
329,嘉興福德祠,福德正神,岡山區,嘉興里信中街61巷1號,管理委員會制,6223257,黃文謨,道,募,,岡補014
330,嘉峰代天府,吳府千歲,岡山區,嘉峰里嘉峰路223巷8之1號,管理委員會制,6283133,高瑞天,道,募,,岡補005
331,振靈宮,五福大帝,岡山區,岡山里新樂街61巷10號,管理人制,6225843,陳忠秋,道,募,,岡補003
332,中華道場,黃帝,岡山區,三和里中崙寮路70巷19之1號,管理委員會制,6284619 6211761,張榮寶,道,募,,岡補009
333,寶元講堂,西方三聖,岡山區,大莊里大莊路2巷90號,管理人制,,鄭玉瓊,佛,募,,岡補011
334,寶元聖堂,孔子,岡山區,程香里盛森路150號,管理委員會制,6211519,張發財,儒,募,岡035,
335,天文宮觀音殿,觀音大士,岡山區,本洲三街２２巷１１號,管理人(住持)制,,張秀萍,佛,募,岡039,
336,嘉和宮,謝府元師,大社區,嘉誠里嘉新巷6號,管理人(住持)制,3560154,潘坤輝,道,募,社008,
337,萬金松玉皇宮,玉皇太子,大社區,保社里萬金路62號,管理委員會制,3523233,陳金和,道,募,社010,
338,清福寺,清水祖師,大社區,保社里中正路375巷13號,管理委員會制,3522574,莊仁平,道,募,社007,
339,財團法人高雄市大社區保元宮,保生大帝,大社區,保安里大社路87號,財團法人制,3518337,林義萬,道,募,社006,
340,財團法人高雄市大社區碧雲宮,三奶夫人,大社區,三奶里三民路315號,財團法人制,3517040,許太平,道,募,社005,
341,明毅堂,關聖帝君,大社區,觀音里三民路162巷12號,管理委員會制,3511513,盧山鈴,道,募,社003,
342,財團法人高雄市大社區青雲宮,神農大帝,大社區,神農里中華路127號,財團法人制,"3514719
3530385",陳福財,道,募,社004,
343,大覺寺,觀音佛祖,大社區,神農里翠屏路110號,管理人(住持)制,3511541,陳建民(釋果祥),佛,募,社002,
344,集興宮,田府元帥,大社區,觀音里中華路8巷43號,管理委員會制,3582766,李水龍,道,募,社001,
345,柑仔宅北極殿,玄天上帝,大社區,嘉誠里柑宅巷10-1號,管理人制,3560609,黃士榮,道,募,社012,
346,朝宸宮,西王金母,大社區,中里里田中巷3之2號,管理人制,3532080,詹太源,道,募,,社補002
347,萬覺寺,觀世音菩薩,大社區,中里里鹽埕巷3號,管理人(住持)制, 3740966,黃伯田,佛,募,,社補019
348,承天宮,溫府千歲,大社區,中里里三民路62巷1號,管理委員會制,3525529,李旭仁,道,募,,社補013
349,觀音極樂寺,西方三聖,大社區,大社里大社路94巷10號,管理人(住持)制,"3513987
3530308",楊秀惠(釋果勤),佛,募,,社補004
350,開天龍鳳宮,伏羲大帝,大社區,中里鹽埕巷26號,管理人(住持)制,3516857,何護寶,道,募,,社補018
351,嘉隆宮,福德正神,大社區,中里里鹽埕巷10之2號,管理委員會制,3516577,張明達,道,募,,社補005
352,高雄市大社區義民公廟,義民爺,大社區,翠屏里中山路366之1號,管理委員會制,3517706,葉東火,道,募,,社補009
353,鳳儀宮,九天玄女,大社區,神農里翠屏路108巷1號,管理人(住持)制,3512159,許進財,道,募,,社補007
354,三仙宮,三仙國王,大社區,嘉誠里桶寮巷9之3號,管理委員會制,,許伯祿,道,募,,社補015
355,普安寺,華嚴三聖,大社區,嘉誠里蜈潭巷7之1號,管理人(住持)制,3560268,鄭春美(釋宏果),佛,募,,社補010
356,明德道院,明明上帝,大社區,神農里和平路2段121巷15號,管理委員會制,3534002,葉樹榮,一貫道,募,,社補003
357,德理聖堂,明明上帝,大社區,神農里中華路14巷81號,管理委員會制,3525388,許文增,一貫道,募,,社補006
358,三清宮,元始天尊,大社區,大社路33號,管理委員會制,3510823,胡漢章,道,募,,社補001
359,理化無極觀妙園,長生大帝,大社區,神農里翠屏路112巷5號,管理人(住持)制,3519544,黃華蘭,道,募,,社補017
360,宏藏禪寺,地藏王菩薩,大社區,中里里鹽埕巷30之4號,管理人(住持)制,3523888,林玉山(釋自慧),佛,募,,社補014
361,無極聖凰禪寺,千手觀音,大社區,保社里旗楠路99之23號,管理委員會制,3520495,王水赺,佛,募,,社補012
362,九天仙祖廟,九天玄女,大社區,翠屏路104之20號,管理人(住持)制,3524165,陳天甲,道,募,,社補016
363,雷音寶寺,西方三聖,大社區,嘉誠里水哮巷10之10號,管理人(住持)制,3561001,釋圓道(林惠萍),佛,募,,社補008
364,龍山寺,觀音大士,大社區,翠屏路108巷10號,管理人(住持)制,3541651,釋圓定(陳炳華),佛,募,,社補011
365,寶華寺,藥師琉璃光如來,大社區,嘉誠里桶寮巷62號,執事會制,3561359,彭水鳳(釋本真),佛,募,社009,
366,天仁宮,天上聖母,大社區,嘉誠里北勢巷16-6號,管理人(住持)制,3543388,王仁助,道,募,社011,
367,濟聖宮,道濟仙師,大樹區,井腳里井腳路145之5號,管理人制,6526097,黃瑞禎,道,募,,樹補026
368,竹寮北極殿,玄天上帝,大樹區,竹寮里竹寮路56-1號,管理委員會制,6510251,黃招猛,道,募,樹023,
369,九曲堂北極殿,玄天上帝,大樹區,九曲里九曲路270-1號,管理委員會制,6518010,彭順孝,道,募,樹001,
370,東隆宮,溫府千歲,大樹區,久堂里中興街王爺巷64號,管理委員會制,6519912,蔡國海,道,募,樹013,
371,大樹城隍廟,霞海城隍尊神,大樹區,久堂里久堂路城隍巷5號,管理委員會制,6520793,陳秋盛,道,募,樹006,
372,無水寮北極殿,玄天上帝,大樹區,水安里安和街57之2號,管理委員會制,6522193,張明富,道,募,樹026,
373,無水寮鳳澤殿,廣澤尊王,大樹區,水寮里中山路134巷32號,管理委員會制,6512940,李世章,道,募,樹032,
374,龍安宮,龍樹尊王,大樹區,龍目里龍目路76號,管理委員會制,6521008,戴文昌,道,募,樹009,
375,龍目北極殿,玄天上帝,大樹區,龍目里龍目路107號,管理人制,6510690,謝養,道,募,樹018,
376,大樹保安宮,廣澤尊王,大樹區,大樹里大樹路71號,管理委員會制,6527747,陳春長,道,募,樹014,
377,鳳山寺,廣澤尊王,大樹區,檨腳里實踐街14號,管理委員會制,6514007,陳武雄,道,募,樹010,
378,武山廟,三山國王,大樹區,檨腳里大莊139號,管理委員會制,6561792,陳進傳,道,募,樹005,
379,財團法人高雄市大樹區北極殿,玄天上帝,大樹區,興山里興山路19號,財團法人制,6510490,郭金亭,道,募,樹011,
380,和山寺,天上聖母,大樹區,和山里和山路55號,管理委員會制,6519653,吳清泰,道,募,樹012,
381,保能宮,保生大帝,大樹區,姑山里6鄰姑山路80之2號,管理委員會制,6563551,賴石虎,道,募,樹031,
382,崑明寺,釋迦佛,大樹區,姑山里姑山路111號,管理人制,6561007,王貴縀(釋心慈),佛,募,樹025,
383,中安寺,中壇元帥,大樹區,三和里三和路17號,管理委員會制,6561350,張來福,道,募,樹007,
384,朝天寺,天上聖母,大樹區,三和里三和路44號,管理人制,6561232,莊彬馳,道,募,樹024,
385,順安宮,城隍尊王,大樹區,三和里三和路112號,管理人制,6561430,莊老生,道,募,樹030,
386,興雲寺,保生大帝,大樹區,三和里三和路71-1號,管理人制,6562751,莊賢德,道,募,樹027,
387,保興宮,保生大帝,大樹區,大坑里大坑路1之5號,管理委員會制,6562634,李志行,道,募,樹008,
388,青雲宮,神農大帝,大樹區,大坑里大坑路162之6號,管理人制,6563343,林國村,道,募,樹022,
389,鎮安宮,廣澤尊王,大樹區,大坑里大坑路39號之2,管理人制, 6561613 6561442,謝慶良,道,募,樹028,
390,溪埔保安寺,廣澤尊王,大樹區,溪埔里溪埔路4巷222之1號,管理委員會制,6562345,蔣世源,道,募,樹015,
391,真武殿,北極玄天上帝,大樹區,溪埔里溪埔路1巷1弄26之1號,管理委員會制,6561125,林廣源,道,募,樹004,
392,崑崙宮,池府千歲,大樹區,興田里興田路122之2號,管理委員會制,6562733,林宏家,道,募,樹016,
393,崑龍宮,觀音佛祖,大樹區,興田里興田路48號,管理委員會制, 6561082 6561829,林文和,道,募,樹021,
394,佛光山寺,釋迦牟尼佛,大樹區,興田里興田路153號,執事會制,6561921-8,釋心保,佛,募,樹003,
395,鎮和宮,池府千歲,大樹區,姑山里姑山路99-1號,管理委員會制,6562490,黃偉昌,道,募,樹029,
396,法雷寺, 阿彌陀佛,大樹區,三和里三和路47-9號,管理人制,6564319,鄭美娥(釋瑞覺),佛,募,樹020,
397,慈后宮,天上聖母,大樹區,久堂里久堂路城隍巷1弄2號,管理委員會制,6523699,林清田,道,募,樹002,
398,一炁九鳳山天聖宮,九天玄女娘娘,大樹區,溪埔里溪埔路44-20號,管理委員會制,6562720,謝馥伊,道,募,樹017,
399,萬應公廟,萬應公,大樹區,竹寮里竹寮路114號(邊),管理人制,6515031,呂忠進,道,募,,樹補033
400,九曲堂神農宮,神農大帝,大樹區,九曲里九大路333之1號,管理人制,6514167,鐘吉一,道,募,,樹補024
401,九曲堂代天府,朱府千歲,大樹區,久堂里久堂路城隍巷7之1號,管理委員會制,6512693,陳木安,道,募,,樹補018
402,三鳳宮,中壇元帥,大樹區,井腳里井腳路150-1號,管理委員會制,6517049,黃啟諺,道,募,,樹補034
403,聖保宮,五府千歲,大樹區,小坪里小坪路1號,管理委員會制,6521688,黃佳山,道,募,,樹補008
404,高雄東照山關帝廟,關聖帝君,大樹區,小坪里忠義路1號,管理委員會制,3710981 2725560,吳進財,道,募,,樹補001
405,代天宮,五府千歲,大樹區,龍目里龍目路112之1號,管理委員會制,6517966,謝國順,道,募,,樹補015
406,三清亭,清水祖師,大樹區,大樹里中正一路大坪巷38之2號,管理委員會制,6510909,蔡文長,道,募,,樹補004
407,玉清宮,池府千歲,大樹區,三和里三和路138之15號,管理人制,6563515,張簡馨,道,募,,樹補016
408,廣信府,張天師,大樹區,統嶺里統嶺路41之1號,管理人制,6562793,王武雄,道,募,,樹補035
409,龍山寺,觀世音菩薩,大樹區,統嶺里統嶺路131之1號,管理人制,6563739,呂柏衡,佛,募,,樹補011
410,慈仙宮,天上聖母,大樹區,統嶺里統嶺路91-9號,管理委員會制,6561535,陳建清,道,募,,樹補019
411,玉枝仙女宮,關聖帝君,大樹區,九曲里九大路505巷20號,管理人制,6521482,甘月靜,道,募,,樹補030
412,崇聖殿,張天師,大樹區,井腳里井腳路118號,管理委員會制,6513235,尤俊程,道,募,,樹補002
413,泰安宮,廣澤尊王,大樹區,溪埔里溪埔路1巷2弄(福德段175地號)(暫時通訊地即負責人地址)：泰安宮 (通訊地址即負責人住址)：溪埔里溪埔路356號,管理委員會制,6561512,黃正進,道,募,,樹補031
414,娘媽祠,娘媽,大樹區,井腳里坪頂段947地號(現負責人地址:井腳里井腳路118-1號),管理委員會制,6512570,黃忠雄,道,募,,樹補017
415,保隆宮,溫府千歲,大樹區,興田里興田路69之6號,管理委員會制,6563065,蔡素蓉,道,募,,樹補003
416,光雲寺,西方三聖佛,大樹區,井腳里井腳路111之15號,管理委員會制,6510547 6521469 ,郭宿慧(釋法果),佛,募,,樹補014
417,台灣天壇,清水祖師,大樹區,統嶺里統嶺路88號,管理委員會制,6562501,謝豐如,道,募,,樹補022
418,南方鳳凰令台,觀音大士,大樹區,井腳里井腳路111之36號,管理人制,6514258,莊富媚,道,募,,樹補012
419,緣覺寺,釋迦牟尼佛,大樹區,三和里三和路120之6號,管理人制,6565417,張宏存,佛,募,,樹補013
420,祖師府,達摩祖師,大樹區,龍目里龍目路130之16號,管理委員會制,6528457,蔡松寶,道,募,,樹補025
421,仙峰宮,福德正神,大樹區,三和里三和路130號,管理委員會制,6563833,李健修,道,募,,樹補009
422,明元北極殿,北極玄天上帝,大樹區,和山里和山路135號,管理人制,6524362,魏一正,道,募,,樹補007
423,承德堂,關雲長,大樹區,水寮里中華路72之16號,管理人制,7435662,林安全,儒,募,,樹補021
424,三聖壇,二郎神君,大樹區,水安里中山路85巷5之1號,管理人制,6512841,張錦樹,道,募,,樹補032
425,金隆宮,金王爺,大樹區,和山里和山路478號,管理人制,6517200,金世祥,道,募,,樹補006
426,紫和宮,觀音大士,大樹區,大坑里大坑路125號,管理人制,6561518,黃丞正,道,募,,樹補027
427,德基宮,蘇府王爺,大樹區,興田里興田路1之3號,管理委員會制,6561132,夏福水,道,募,,樹補005
428,嶾龍宮,伍聖大尊,大樹區,和山里和山路805之1號,管理人制,6528525,陳國興,道,募,,樹補028
429,祐聖宮,保生大帝,大樹區,興田里興田路12之8號,管理委員會制,6565501 6565467,莊江南,道,募,,樹補010
430,孫真府,孫臏仙師,大樹區,龍目里龍目路22號,管理委員會制,6523604,蔡俊憲,道,募,,樹補029
431,廣玄壇,北極玄天上帝,大樹區,水寮里安和街42巷109號,管理人制,6522887,謝進添,道,募,,樹補023
432,福德爺廟,福德正神,大樹區,興田里興田路150之6號,管理人制,6564356,洪偉瑜,道,募,,樹補020
433,天聖道院,彌勒佛,大樹區,大坑里大坑路11之1、11-2號,管理委員會制,6561697,林榮村,一貫道,募,樹019,
434,慈心宮,觀音大士,大樹區,井腳里井腳路111-32號,管理人制,6529063,吳宗勳,道,募,樹033,
435,橋頭鳳橋宮,天上聖母,橋頭區,橋頭里橋頭路95號,管理委員會制,6118067,許振聲,道,募,橋010,
436,橋頭念佛會,南無釋迦牟尼佛,橋頭區,橋頭里新興路新2巷7號,管理人(住持)制,6111611,楊素珍(釋恩慧),佛,募,橋011,
437,勸善堂,文衡聖帝,橋頭區,橋南里大溝巷18號,管理委員會制,6125790,林伯政,道,募,橋018,
438,帝仙宮,神農大帝,橋頭區,仕和里神農巷14號,管理委員會制,6113533,馬輝記,道,募,橋004,
439,註生宮,註生娘娘,橋頭區,仕和里神農巷51號,管理委員會制,6110580,馬輝記,道,募,橋005,
440,新莊義山宮,三山國王,橋頭區,新莊里明神路定祥巷1-1號,管理委員會制,6121968,刁梗哲,道,募,橋012,
441,九甲圍義山宮,三山國王,橋頭區,甲南里甲新路82號,管理委員會制,6112555,李茂源,道,募,橋006,
442,天月宮,媽祖,橋頭區,頂鹽里南北路2號,管理委員會制,6118046,顏進三,道,募,橋009,
443,代天府,池府千歲,橋頭區,白樹里建樹路56號,管理委員會制,6128407,許耀升,道,募,橋022,
444,仕元代天府,池府千歲,橋頭區,新莊里仕元路右邊巷11號,管理委員會制,6111267,邱再生,道,募,橋002,
445,德山禪寺,釋迦佛,橋頭區,三德里三德路5號,管理人(住持)制,6120500,釋心茂,佛,募,橋016,
446,壽生廟,張公法主,橋頭區,芋寮里芋林路壽生巷22號,管理委員會制,6113790,凌氤川,道,募,橋017,
447,五里林明德淨寺,釋迦佛,橋頭區,東林里里林東路1號,管理委員會制,6114703,鄧鴻超,佛,募,橋007,
448,五里林天后宮,天上聖母,橋頭區,東林里東林路31號,管理委員會制,6113557,陸見青,道,募,橋019,
449,德松德玄宮,玄天上帝,橋頭區,德松里德松路29-1號,管理人(住持)制,6112683,何東喜,道,募,橋020,
450,筆秀天后宮,天上聖母,橋頭區,筆秀里筆秀路廟前巷4號,管理委員會制,6118164,馬枝全,道,募,橋015,
451,財團法人高雄市橋頭區關聖宮,山西夫子,橋頭區,中崎里中崎路關聖巷11號,財團法人制,6113175,黃水勝,道,募,橋003,
452,法主宮,張公法主,橋頭區,中崎里海峯路31之1號,管理委員會制,"6113730
6111612",王吉利,道,募,橋021,
453,財團法人高雄市橋頭區福智寺,釋迦牟尼佛,橋頭區,新莊里佛神路47之1號,財團法人制,6113554,陳全成,佛,募,橋013,
454,三山國王廟,三山國王,橋頭區,三德里三仙路23號,管理委員會制,6118424,陳志忠,道,募,橋008,
455,玄中寺,西方三聖,橋頭區,白樹里建樹路中興巷1號,管理人(住持)制,6119481,林秋春(釋輪宏),佛,募,橋014,
456,五里林護天府,李府千歲,橋頭區,東林里東林路通黃巷16-2號,管理委員會制,6131023,鐘昭文,道,募,橋001,
457,高雄市橋頭區林仔頭護安宮,天上聖母,橋頭區,筆秀里林西路12號,管理委員會制,6112547,李水文,道,募,,橋補003
458,承德寺,釋迦牟尼佛,橋頭區,新莊里新莊路保金巷50號,管理人(住持)制,6119765,吳秀蓁(釋悟引),佛,募,,橋補002
459,明修善堂,三寶佛、玉皇上帝、王母娘娘,橋頭區,新莊里仕元路左邊巷126號,管理委員會制," 6130591
6123311",陳維國,道,募,,橋補001
460,昆山寺,娘媽,燕巢區,尖山里尖山巷602之1號,管理人制,6161905,吳財修(暫代),道,募,燕020,
461,威靈寺,北極玄天上帝,燕巢區,西燕里中民路548號,管理委員會制,6162116,潘澄雄,道,募,燕024,
463,三聖宮,廣澤尊王,燕巢區,瓊林里瓊招路71號,管理人制,6166304,張獻貞,道,募,燕016,
464,神元宮,神農大帝,燕巢區,安招里安南路1號,管理委員會制,6161906,韓仙法,道,募,燕012,
465,威靈宮,玄天上帝,燕巢區,瓊林里瓊林路10號,管理委員會制,6166731,呂建川,道,募,燕022,
466,新厝天后宮,天上聖母,燕巢區,安招里新厝巷19號,管理委員會制,6169341,林見信,道,募,燕006,
467,觀水宮,謝府元帥,燕巢區,角宿里滾水路150號,管理委員會制,"6164627
",陳玉麟,道,募,燕005,
468,天后宮,天上聖母,燕巢區,角宿里角宿路6之1號,管理委員會制,6161614,陳清金,道,募,燕013,
469,清水寺,清水祖師,燕巢區,鳳雄里鳳旗路162號,管理委員會制,6152038,潘文堅,道,募,燕003,
470,興龍宮,開漳聖王,燕巢區,橫山里東川路119之6號,管理人制,6153002,陳孟宜,道,募,燕015,
471,坑口北極宮,玄天上帝,燕巢區,橫山里深興路13號,管理委員會制,6152461,李明昌,道,募,燕023,
472,碧雲寺,觀音菩薩,燕巢區,深水里深水路34號,管理委員會制,6152589,蕭康熙,道,募,燕009,
473,北極真武殿,玄天上帝,燕巢區,深水里臥牛巷25號,管理人制,"6152189
6152158",許金發,道,募,燕018,
474,淨光寺,釋迦牟尼佛,燕巢區,深水里湖內巷2之1號,執事會制,6163852,林美佑,佛,募,燕001,
475,清照寺,釋迦牟尼佛,燕巢區,深水里深興路2之5號,管理委員會制,6151646,徐碧霞,佛,募,燕002,
476,一炁化三清凌霄寶殿,無極至尊、元始天王,燕巢區,深水里湖內巷186之10號,管理委員會制,6161961,黃淑芬,道,募,燕017,
477,慈願寺,觀音佛祖,燕巢區,深水里烏山巷3之6號,執事會制,6151792,沈阿柑(釋如平),佛,募,燕008,
478,興聖宮,關聖帝君,燕巢區,中民路61巷3之20號,管理委員會制,6161437,陳乙慶,道,募,燕021,
479,慈慧宮,明明上帝,燕巢區,深水里湖內巷2-33號,管理委員會制,6767667,許文增,一貫道,募,燕007,
480,弘儒聖堂,孔子,燕巢區,西燕里中竹路1-6號,管理委員會制,6167892,何輝吉,儒,募,燕011,
481,悟光精舍,釋迦牟尼佛,燕巢區,尖山里和尚巷250號,管理委員會制,6161295 6165497,蔡佳玲(釋修貴),佛,募,燕004,
482,北極殿,北極上帝,燕巢區,東燕里中民路35之1號,管理委員會制,6163040,林進錶,道,募,,燕補009
483,聖南宮國寶廟,三令聖母,燕巢區,瓊林里瓊子林段414之3號,管理人制,6215870,黃國義,道,募,,燕補023
484,中路林中安宮,媽祖,燕巢區,鳳雄里中路巷5號,管理委員會制,6152042,柯清茂,道,募,,燕補024
485,禪海佛寺,三寶佛,燕巢區,深水里牧場路33之1號,執事會制,6155105,梁秀葉,佛,募,燕010,
486,烏山天后宮,天上聖母,燕巢區,深水里烏山巷1號,管理委員會制,6152729,賴俊男,道,募,,燕補016
487,深水觀音禪寺,三寶佛,燕巢區,深水里深中路3號,管理委員會制,6152622,李淑華(釋悟觀),佛,募,,燕補013
488,玄光修道院,孚佑帝君,燕巢區,深水里深中路13之2號,管理人制,6152873,楊敏雄,道,募,,燕補011
489,坑口龍山堂,石府元帥,燕巢區,深水里深興路8之12號,管理委員會制,6154261,尤再林,道,募,,燕補028
490,湖子內福德祠,福德正神,燕巢區,深水里湖子內巷18之1號,管理人制,6161575,曾讚金,道,募,,燕補020
491,湖子內三洽共成堂,圓通自在天尊,燕巢區,深水里湖子內巷17之2號,管理人制,6161933,陳釋聽,道,募,,燕補025
492,大占南山寺,釋迦牟尼佛,燕巢區,橫山里大占巷7之1號,管理人制,6152042,張慈忠,佛,募,,燕補010
493,大占無極天靈霄寶殿,玉皇上帝,燕巢區,橫山里大占巷19之10號,管理委員會制,6152757 6155568,呂素合,道,募,,燕補008
494,和平福德祠,福德正神,燕巢區,深水里深水路9號,管理人制,6152073,蕭武宗,道,募,,燕補031
495,財團法人高雄市金山道院,明明上帝,燕巢區,金山里金山路6之1號,財團法人制,6163018,張榮吉,一貫道,募,,燕補002
496,天聖宮,明明上帝,燕巢區,金山里金山路33之99號,管理委員會制,6161865,王映君,一貫道,募,,燕補001
497,五仙宮,青雲仙帝,燕巢區,東燕里車林巷12號,管理委員會制,6161626,鄭隆豐,道,募,,燕補030
498,代天府,池府千歲,燕巢區,角宿里四林路9號,管理人制,6162094,詹清景,道,募,,燕補022
499,麒麟巷天后宮,天上聖母,燕巢區,金山里麒麟巷10號,管理人制,6165256,林源敬,道,募,,燕補012
500,慈仁同修院,釋迦牟尼佛,燕巢區,角宿里安新路3之10號,管理人制,6161901,潘金城,佛,募,,燕補019
501,神農宮,神農大帝,燕巢區,西燕里中竹路5號,管理人制,6165773,葉嘉鴻,道,募,,燕補018
502,援巢中天后宮,天上聖母,燕巢區,南燕里中東巷12弄16號,管理委員會制,6160423,潘文權 ,道,募,,燕補027
503,龍豐府,田府元帥,燕巢區,尖山里大埔巷144弄46號,管理委員會制,6160021,黃連成,道,募,,燕補015
504,燕巢朝天宮,天上聖母,燕巢區,尖山里和尚巷95號,管理委員會制,6167653,葉萬吉,道,募,,燕補007
505,慧音堂,彌勒祖師,燕巢區,瓊林里安招路1030之3號,管理委員會制,6160556,鄭秋籐,一貫道,募,,燕補003
506,龍鞍宮,北極玄天上帝,燕巢區,尖山里過鞍巷46號,管理人制,6163799,高明陽,道,募,,燕補026
507,無極天皇宮,八卦祖師,燕巢區,尖山里尖山巷128之10號,管理人制,6161424,張連枝,道,募,,燕補017
508,天官財神廟,天官財神廟,燕巢區,深水里牧場路44號,管理人制,6151579,黃世輝,道,募,,燕補021
509,五台萬佛寺,釋迦牟尼佛,燕巢區,橫山里大占巷29之4號,執事會制,6152786,劉秋泉,佛,募,,燕補029
510,聖帝宮,關聖帝君,燕巢區,橫山里大占巷31號,管理委員會制,6152178,彭金順,道,募,,燕補006
511,濟鳳佛寺,三寶佛,燕巢區,尖山里過鞍巷119之20號,管理人制,6168046,釋宏明(陳錦治),佛,募,,燕補005
512,元帥府,陳府二元帥爺公,燕巢區,鳳雄里鳳龍巷26之6號,管理委員會制,6153726,楊金龍,道,募,,燕補014
513,白馬寺,觀音大士,燕巢區,深水里烏山巷5號,管理人制,"6153885
3892763",王琮鈞,道,募,,燕補004
514,天仙府金靈堂,南無千手千眼觀世音菩薩,燕巢區,紅山巷138號,管理委員會制,6142109,蔡西昌,道,募,燕019,
515,三教靈玄聖堂,關聖帝君,三民區,鼎金一巷24號,管理委員會制,3812559,陳鐘奇,道,募,三020,
516,三寶宮,三寶佛祖,三民區,建興路277號6樓,管理委員會制,3823649,黃啟川,道,募,三004,
517,千光精舍,觀世音菩薩,三民區,汾陽路47號,管理人制,3833066,王秀鑾(釋見煜),佛,募,三019,
518,大港福德祠,福德正神,三民區,民族一路180巷12之1號,管理委員會制,3822874,葉國營,道,募,三021,
519,中都萬聖公媽廟,萬姓公、萬姓媽,三民區,中都街75巷67號,管理委員會制,3112814,陳水榮,道,募,,三補001
520,玉皇宮,玉皇大帝,三民區,河北二路218號,管理委員會制,2214484,許文良,道,募,三007,
521,田都府,田都元帥,三民區,鼎山街72號,管理委員會制,3427979,陳皆男,道,募,三008,
522,先天宮,李府千歲,三民區,民族一路180巷98之1號,管理委員會制,3800186,陳貴桂,道,募,,三補003
523,辰鳳宮,池府千歲,三民區,鼎泰街2巷23號,管理委員會制,3101923,邱顯全,道,募,三018,
524,東安宮,李府元帥,三民區,市中一路392號,管理委員會制,2316906,黃啟展,道,募,三029,
525,東寮宮,五帝爺,三民區,鼎中路821之25號,管理人制,3462851,吳德義,道,募,,三補007
526,法音禪寺,釋迦牟尼佛,三民區,灣興街33號,管理人制,3827246,陳香如(釋真慧),佛,募,三025,
527,保仁宮,保生大帝,三民區,鼎力路152之1號,管理人制,3494561,林木進,道,募,,三補004
528,保安寺,觀音菩薩,三民區,同盟二路15號,管理人制,3136667,洪王秀燕,道,募,三028,
529,南天宮,關聖帝君,三民區,綏遠二街40號,管理委員會制,3226081,盧惠祥,道,募,三023,
530,南巡寶殿,十二瘟王千歲,三民區,河北一路320號,管理人制,2355021,李燦輝,道,募,三022,
531,財團法人高雄市三塊厝興德團(三鳳宮),中壇元帥,三民區,河北二路134號,財團法人制,2871851,孫宗英,道,募,三012,
532,財團法人高雄市大港保安宮,保生大帝,三民區,十全一路52號,財團法人制,3110835,余國華,道,募,三006,
533,財團法人高雄市大港保安宮(本宮),保生大帝,三民區,中山一路325巷16號,財團法人制,3110835,余國華,道,募,三006,
534,財團法人高雄市明聖宮,五福大帝,三民區,綏遠二街155號,財團法人制,3218911,黃景森,道,募,三024,
535,財團法人高雄市覆鼎金保安宮,中壇元帥,三民區,鼎金一巷36號,財團法人制,3423488,鄭武才,道,募,三017,
536,高南保安宮,保生大帝,三民區,大連街358號,管理委員會制,3229327,趙元亮,道,募,,三補008
537,高紅北極殿,上帝公,三民區,松江街411號,管理委員會制,3138185,洪進原,道,募,三015,
538,高雄市三民區灣子內朝天宮,天上聖母,三民區,鼎山街650號,管理委員會制,3828591,郭献文,道,募,三001,
539,高雄市褒忠義民廟,義民爺,三民區,褒忠街114號,管理委員會制,3841146,劉貴旭,道,募,三002,
540,高雄聖何宮,關聖帝君,三民區,金山路146號,管理委員會制,3595565,黃清音,道,募,三013,
541,高雄道德院,太上道祖,三民區,鼎金一巷27號,管理委員會制,3426421,翁素珠,道,募,三030,
542,菩提禪寺,釋迦牟尼佛,三民區,大興街50號,管理人制,3812597,李坤芳,佛,募,三026,
543,開王殿,觀音菩薩、五府千歲、中壇元帥,三民區,同盟三路370巷18號,管理委員會制,3120298,張鶴鐘,道,募,三005,
544,隆峰寺,釋迦佛祖,三民區,民族一路333之2號,管理人制,3824649,簡淑娟(釋心道),佛,募,三011,
545,三民慈天宮,天上聖母,三民區,建興路123巷37號,管理委員會制,3847666,呂慶璋,道,募,,三補006
546,義永寺,釋迦佛祖,三民區,建興三巷1號,管理人制,3844119,顏惠瑩,佛,募,三010,
547,聖安代天府,柒府千歲,三民區,建武路102號,管理委員會制,3847081,蘇長鴻,道,募,三014,
548,聖武宮,關聖帝君,三民區,天祥二路23巷5號,管理委員會制,3432630,吳明輝,道,募,,三補002
549,萬姓公媽廟,萬姓公、萬姓媽,三民區,三民街184之1號,管理委員會制,2313207,林茂山,道,募,,三補005
550,靜法寺,阿彌陀佛,三民區,民族一路180巷98號,管理人制,3865448,胡黃秀美(釋傳季),佛,募,三003,
551,龍池宮,天上聖母,三民區,大和街66號,管理委員會制,3837179,何文正,道,募,三009,
552,寶珠南天宮,許府大將軍,三民區,寶興里建武路53巷15號,管理委員會制,3849376,黃書宗,道,募,三016,
553,神農宮,神農大帝,內門區,內東里夏梅林3-1號,管理委員會制,6672665,蘇文能,道,募,內012,
554,慈雲宮,媽袓天上聖母,內門區,內東里虎頭山1號,管理人(住持)制,6671170,陳宥成,佛,募,,內補018
555,金龍寺,觀音佛祖,內門區,金竹里吉民47-2號,管理人(住持)制,6601157,潘榮常,道,募,,內補014
556,光明王寺,摩訶毘盧遮那佛,內門區,永興里頂庄32-3號,管理人(住持)制,6692275,蔣輝雄(釋徽定),佛,募,,內補002
557,內門南海紫竹林寺,觀音佛祖,內門區,東埔里望寮13號,管理人(住持)制,6672691、6672189,宜清富,道,募,,內補001
558,蓮華精舍,西方三聖,內門區,永吉里玉門40號,管理人(住持)制,6601748,吳敏宏(釋圓西),佛,募,,內補008
559,九龍宮,法主公,內門區,內東里柿子園14號,管理委員會制,6672334,黃宜雄,道,募,,內補013
560,埔尾天后宮,天上聖母,內門區,瑞山里埔尾12-1號,管理人(住持)制,6673381,陳進富,道,募,,內補016
561,龍角寺(內南),天上聖母,內門區,內南里腳帛寮15-1號,管理委員會制,6673541,龔忠草,道,募,,內補003
562,玉旨三真宮,清水祖師,內門區,光興里石車3-6號,管理人(住持)制,6672545,王士訓,道,募,,內補015
563,天山文衙殿,文衡聖帝,內門區,金竹里吉民52-10號,管理人(住持)制,6602490,郭麵,道,募,,內補009
564,財團法人高雄市內門順賢宮,天上聖母,內門區,內南里菜園頂8-8號,財團法人制,6672706,黃富義,道,募,內003,
565,內門龍山寺,觀音佛祖,內門區,內門里學子李9號,管理委員會制,6673698,林益裕,佛,募,內014,
566,內門南海紫竹寺,觀音佛祖,內門區,內豐里內埔82號,管理委員會制,6671400,李文棧,佛,募,內005,
567,海德蓮寺,西方三聖,內門區,木柵里木柵66-6號,管理人(住持)制,6681818,黃梅英,佛,募,內001,
568,龍潭天后宮,天上聖母,內門區,東埔里龍潭22號,管理委員會制,6673850,林坤豐,道,募,內009,
569,聚善堂,濟公活佛,內門區,永富里龍山11號,管理人(住持)制,6601589,林文良,道,募,,內補007
570,朝天宮,媽祖,內門區,三平里二埔4-1號,管理人(住持)制,6671377,洪添丁,道,募,,內補010
571,內門紫竹寺,觀音佛祖,內門區,觀亭里中正路115巷18號,管理委員會制,6671602,蔡昭德,佛,募,內004,
572,內門紫雲宮,吳公真仙,內門區,觀亭里中埔頭2-1號,管理委員會制,6672458,鄧接明,道,募,內002,
573,張公聖君廟,張公聖君,內門區,溝坪里廣興23-6號,管理人(住持)制,6601661,謝金龍,道,募,,內補005
574,興安宮,媽祖,內門區,光興里鴨母寮8之5號,管理委員會制,6673778,陳威至,道,募,,內補006
575,北天宮,天上聖母,內門區,中埔里小烏山三七號,管理人(住持)制,6673525,林瑞碧,道,募,內007,
576,觀音亭佛堂,西方三聖,內門區,內南里大坑3-5號,管理人(住持)制,6674249,張明星,佛,募,,內補011
577,子和宮,彌勒佛,內門區,永興里頂庄85號,管理人(住持)制,6602375,林明玉,一貫道,募,,
578,道揚聖堂,彌勒祖師,內門區,內東里夏梅林16-3號,管理人(住持)制,6672154,游金雄,一貫道,募,,內補019
579,龍角寺(中埔),天上聖母,內門區,中埔里中埔四五號,管理人(住持)制,6671275,許連謨,道,募,內013,
580,山南宮,池府千歲,內門區,內東里州界9號,管理委員會制,6673167,卓進士,道,募,內006,
581,龍鳳宮,協天大帝,內門區,永興里坑口13號,管理委員會制,6602056,何湊川,道,募,內008,
582,協天觀音寺,觀音佛祖,內門區,金竹里山上12號,管理人(住持)制,6601790,陳文章,佛,募,內011,
583,興天宮,天上聖母,內門區,溝坪里廣褔40號,管理委員會制,6601714,何潘金花,道,募,內010,
584,朝元宮,真武大帝,內門區,永吉里新生十八號,管理人(住持)制,6602223,林慶福,道,募,,內補017
585,啟源道院,三清道祖,內門區,永興里頂庄一六之二號,管理人制,6601212,吳瑞源,道,募,,內補012
586,月慧山觀音禪院,觀世音菩薩,內門區,金竹里圓通路1號,管理人(住持)制,6602339,劉鳳美(釋慧深),佛,募,,內補004
587,萃文書院,文昌帝君,內門區,觀亭里中正路227之1號,管理人(住持)制,6673831,蔡昭德,道,募,內015,
588,樸子祖廟,真武大帝,內門區,華山9之6號,管理人制,7217415,林勇全,道,募,內016,
589,普道寺,觀世音菩薩,六龜區,荖濃里頂濃路100巷2-30號,管理人(住持)制,6883003,釋玄導,佛,募,六007,
590,無極金玉宮,王母娘娘,六龜區,中興里尾庄108-1號,管理人(住持)制,6891834,吳慶麒,道,募,六012,
591,福德宮,福德正神,六龜區,義寶里維新街1巷2號,管理委員會制,6891067,李階得,道,募,六019,
592,神農宮,五榖先帝,六龜區,六龜里華北街60號,管理委員會制,6891658,陳志明,道,募,六004,
593,保安宮,玄天上帝,六龜區,寶來里第新寶路20號,管理人(住持)制,6881175,王進發,道,募,六015,
594,南垣萬靈會照宮,東華帝君,六龜區,寶來里寶建路23號之1,管理委員會制,6881299,謝耿星,道,募,六014,
595,菩提蘭若,釋迦牟尼佛、宗喀巴父子三尊,六龜區,新興里二坡33之20號,管理人(住持)制,6872018,謝玉娥,佛,募,,六補021
596,太子宮,太子爺,六龜區,興龍里東溪山莊16-2號,管理人(住持)制,6891449,章漢河,道,募,,六補025
597,財團法人高雄法邁內觀中心,釋迦牟尼佛,六龜區,頂濃路一○○巷1-1號,財團法人制,6882022,劉真,佛,募,六013,
598,緣印禪林,釋迦牟尼佛,六龜區,新發里獅山31之31號,管理人(住持)制,6791462,蘇禎祥,佛,募,,六補009
599,榖裕宮,神農大帝,六龜區,興龍里東溪山莊二之一號,管理人制,6830894,游賢銘,道,募,,六補033
600,覺華寺,釋迦牟尼佛,六龜區,文武里光明巷二九號,管理人(住持)制,6894799,甘育萍(釋如德),佛,募,,六補028
601,天竹山乾元聖德寶宮,玄天上帝,六龜區,新威里新威五二之一五號,管理人(住持)制,6871275,唐素卿,道,募,,六補017
602,五大仙公廟,天符神,六龜區,興龍里東溪山莊一六號,管理人(住持)制,6891449,章漢河,道,募,,六補026
603,空生精舍,釋迦牟尼佛,六龜區,新發里新開三七號,管理人(住持)制,6791890,呂寶玲,佛,募,,六補024
604,慈惠精舍,南無釋迦牟尼佛,六龜區,荖濃里頂濃路100巷2之9號,管理人(住持)制,6882928,釋會雲,佛,募,六002,
605,龍華聖殿,瑤池金母,六龜區,興龍里東溪山莊一六之八號,管理委員會制,6894755,黃明琮,道,募,,六補002
606,五龍宮,五府千歲,六龜區,寶來里寶建路三八號,管理人(住持)制,6881008,劉寧龍,道,募,,六補031
607,法光寺,觀世音菩薩,六龜區,荖濃里水冬瓜五二之十四號,管理人(住持)制,,陳宗元,佛,募,,六補029
608,印慈精舍,釋迦牟尼佛,六龜區,中興里中庄一四八之二號,管理人(住持)制,6893407,藍金英,佛,募,,六補013
609,大佛寺,釋迦牟尼佛,六龜區,荖濃里水冬瓜三二號,管理人(住持)制,6881925,蔡政華(釋傳意),佛,募,,六補027
610,佛心禪寺,釋迦牟尼佛,六龜區,中興里尾庄一○七之二○號,管理人(住持)制,6892433,曾清河,佛,募,,六補022
611,大安禪寺,釋迦佛陀,六龜區,大津里一四之一號,管理人(住持)制,6801204,侯廖鶴英,佛,募,,六補012
612,六龜慈惠堂,瑤池金母,六龜區,文武里復興巷三三之六號,管理人(住持)制,6891483,劉懷仁,道,募,,六補032
613,文殊靜院,阿彌陀佛,六龜區,荖濃里頂濃路一○○巷五號,管理人(住持)制,6882630,林金英,佛,募,六001,
614,普蓮蘭若,觀世音菩薩,六龜區,中興里尾庄96之2號,管理人(住持)制,6891845,謝樹蘭(釋培引),佛,募,六005,
615,慧濟寺,西方三聖,六龜區,中興里尾庄六八之三號,管理人(住持)制,6895586,江震國,佛,募,,六補004
616,會超禪林,釋迦牟尼佛,六龜區,新寮里三民路 一二五之一號,管理人(住持)制,6871760,釋効定,佛,募,,六補023
617,義興宮,天上聖母,六龜區,中興里中庄二一五之六號,管理委員會制,6893803,楊耀邦,道,募,,六補016
618,三慧寺,三寶佛,六龜區,六龜里紅水坑十七號,管理人(住持)制,3856857,賴琇貞,佛,募,,六補003
619,慈佑宮,九天玄女,六龜區,新發里新開八五之一號,管理人(住持)制,6892329,邱錦富,道,募,,六補036
620,清涼山護國妙崇寺,釋迦牟尼佛,六龜區,興龍里舊潭三之三號,管理人(住持)制,6892259,吳碧珠(釋宏安),佛,募,六017,
621,津鳳宮,天上聖母,六龜區,大津里大津一五八號,管理委員會制,6881013,張崑義,道,募,,六補007
622,靜德禪院,觀世音菩薩,六龜區,興龍里土壟一三九之四號,管理人(住持)制,6895989,鄂輝泰,佛,募,,六補011
623,聖母宮,天上聖母,六龜區,中興里尾庄八二號,管理人(住持)制,6891279,郭明聰,道,募,,六補020
624,北極三海宮,玄天上帝,六龜區,文武里復興巷二一號,管理人(住持)制,6891699,潘文章,道,募,,六補034
625,錦安堂,萬善公,六龜區,文武里舊庄巷88之5號,管理委員會制,6891889,陳龍信,道,募,,六補030
626,舊庄北極宮,玄天上帝,六龜區,文武里舊庄巷七五之四號,管理人(住持)制,6891554,林江東,道,募,,六補015
627,六龜福德宮,福德正神,六龜區,義寶里光復路96巷2-6號,管理人(住持)制,6891257,張文傑,道,募,,六補001
628,諦願寺,釋迦牟尼佛,六龜區,六龜里紅水坑19之1號,管理人(住持)制,6891688,釋敬定(曾秀美),佛,募,六025,
629,廣濟寺,釋迦牟尼佛,六龜區,中興里尾庄五二號,執事會制,6892424,釋體修,佛,募,,六補014
630,觀靜寺,釋迦牟尼佛,六龜區,興龍里舊潭四六號,管理人(住持)制,6893591,林益謙,佛,募,,六補005
631,慧嚴寺,觀世音菩薩,六龜區,文武里舊庄巷一六號,管理人(住持)制,6894345,鄭美英(釋仁宣),佛,募,,六補018
632,法界聖寺,觀世音菩薩,六龜區,興龍里東溪山莊二○號,管理人(住持)制,6893713,鍾志宏(釋近湛),佛,募,,六補008
633,慈善宮,天上聖母,六龜區,新興里二坡二十九號,管理委員會制,6871576,劉添來,道,募,,六補037
634,朱天宮,朱府千歲,六龜區,文武里復興巷二之三號,管理人(住持)制,6892355,許慶全,道,募,,六補006
635,求真道觀,太上道德天尊,六龜區,寶來里竹林三號,管理人(住持)制,6881352,柯朝慶,道,募,,六補010
636,妙通寺,阿彌陀佛,六龜區,寶來里寶建路六二號,管理人(住持)制,6881478,郭美君(釋傳敦),佛,募,,六補019
637,清奉宮,觀音佛祖,六龜區,荖濃里頂濃路四九巷六號,管理人(住持)制,6881875,林德正(暫代),道,募,,
638,新開吳將軍廟,吳將軍,六龜區,新發里新開一二三號,管理人(住持)制,6791616,陳建男,道,募,,六補035
639,佛恩寺,釋迦牟尼佛,六龜區,中興里中庄58-38號,管理人(住持)制,6895535,林王帶娣,佛,募,六024,
640,大行寺,普賢菩薩,六龜區,中興里中庄二一五之二號,管理人(住持)制,6893479,釋傳燈,佛,募,六016,
641,財團法人一貫道神威天臺山天臺聖宮,明明上帝,六龜區,新寮里三民路八一號,財團法人制,6872100,林再錦,一貫道,募,六011,
642,地藏精舍,釋迦牟尼佛,六龜區,中興里尾庄一○三之三號,管理人(住持)制,6891118,陳清勳,佛,募,六018,
643,天台山天台宮,濟公菩薩,六龜區,文武里舊庄巷八三之二號,管理委員會制,6891239,林江東,道,募,六003,
644,福龍宮,上天三法司,六龜區,寶來里寶來二巷三五號,管理委員會制,6881005,劉三奇,道,募,六023,
645,聖君廟,張公聖君,六龜區,荖濃里裕濃路五○號,管理人(住持)制,6881300,劉利通,道,募,六026,
646,鳳新宮,天上聖母,六龜區,新發里獅山四八號,管理人(住持)制,6892081,朱基發,道,募,六030,
647,慈雲宮,觀音佛祖,六龜區,新發里和平路三五號,管理委員會制,6891148,梁天財,道,募,六008,
648,法師宮,張公聖君,六龜區,新寮里三民路一一六號,管理人(住持)制,6871284,邱龍生,道,募,六021,
649,聖君廟,張公聖君,六龜區,新威里新威一五三號,管理委員會制,6871037,潘瓊華,道,募,六010,
650,楓林寺,觀音佛祖,六龜區,新威里新威一四一號,管理人(住持)制,6871957,黃乾瑛,佛,募,六020,
651,勸善堂,關聖帝君,六龜區,新威里新威一五三號,管理委員會制,6871037,潘瓊華,道,募,六009,
652,北辰宮,玄天上帝,六龜區,興龍里土壟七三號,管理人(住持)制,6891076,潘朝雄,道,募,六022,
653,天后宮,天上聖母,六龜區,中興里中庄一五三號,管理委員會制,6891013,蕭稚蓉,道,募,六006,
654,天龍宮,濟公,六龜區,文武里河邊巷二○號,管理人(住持)制,6891050,陳俊福,道,募,六029,
655,六龜五帝殿,五福大帝,六龜區,文武里光明巷一二號,管理人(住持)制,6891067,黃明星,道,募,六027,
656,聖天宮,媽祖,六龜區,六龜里紅水坑二三號,管理人(住持)制,6891141,李來發,道,募,六028,
657,受真宮,武當山真武大帝,六龜區,中興里中庄110之16號,管理委員會制,,汪安常,道,募,六031,
658,文聖殿,文衡關聖帝君,前金區,成功一路272號,管理人(住持)制,2510163,顏炳峰,道,募,金008,
659,萬興宮,清水祖師,前金區,成功一路325號,管理委員會制,2219598,徐政朝,道,募,金002,
660,財團法人高雄市高雄佛教蓮社,釋迦牟尼佛,前金區,成功一路406號,財團法人制,2212549,郭貞容(釋悟仁),佛,募,金003,
661,明興宮,五福大帝,前金區,武強街84號,管理人制,2711719,陳素華,道,募,金006,
662,修身社養性堂,雷府千歲,前金區,七賢二路168號,管理委員會制,2859456,陳平宗,道,募,金005,
663,東隆宮,溫府千歲,前金區,文武一街136號,管理委員會制,2518150,顏益田,道,募,金001,
664,福德祠,福德正神,前金區,八德二路116號,管理委員會制,2519980,林正福,道,募,金007,
665,扶風殿,萬府王爺,前金區,瑞源路167號,管理委員會制,2872052,高有志,道,募,金004,
666,玄光寺,釋迦牟尼佛,新興區,忠孝一路171號,管理人(住持)制,2217886,張建榮(釋寬界),佛,募,新001,
667,壽山宮,天上聖母,新興區,林森一路161巷46號,管理委員會制,2615491,楊福順,道,募,,新補001
668,宸威殿,真武大帝,新興區,南華路127號,管理委員會制,2378142,陳福隆,道,募,新009,
669,聖願寺,釋迦牟尼佛,新興區,忠孝一路18號,管理人(住持)制,2825899,李麗雪(釋演蓮),佛,募,新003,
670,覺元寺,釋迦牟尼佛,新興區,仁愛一街11號,執事會制,2159919,釋禪慧,佛,募,新002,
671,宏法寺,釋迦牟尼佛,新興區,仁愛一街302號,管理人(住持)制,2361189,釋圓塵,佛,募,新008,
672,龍興宮,哪吒三太子,新興區,忠孝一路200巷31號,管理人(住持)制,2313975,林金石,道,募,新013,
673,明聖殿,文衡聖帝,新興區,南台路123號,管理委員會制,"2859807
8118210",許文融,道,募,新006,
674,文衡殿,文衡聖帝,新興區,南台路30號,管理人(住持)制,2812365,曾居財,道,募,新007,
675,財團法人高雄市鼓壽宮,天上聖母,新興區,文橫一路90號,財團法人制,2916749,蔡瑞彬,道,募,新011,
676,財團法人高雄市大港埔祖師廟,清水祖師,新興區,中山橫路68號,財團法人制,2871295,廖顯明,道,募,新004,
677,高雄市文化院,清水祖師,新興區,民生二路44號,管理委員會制,2813436,蔡文成,道,募,新012,
678,高雄市仁和宮,廣澤尊王,新興區,自立橫路26號,管理委員會制,2216804,林憲龍,道,募,新005,
679,高南北極殿,玄天上帝,新興區,林森一路123巷30號,管理委員會制,2719071,許進發,道,募,新010,
680,北極殿,玄天上帝,苓雅區,興中二路18號,管理委員會制,3339134,楊文柱,道,募,苓005,
681,萬應公廟,聖公聖媽,苓雅區,永平路35號,管理委員會制,3343518,李文振,道,募,苓016,
682,鼓山亭,保生大帝,苓雅區,苓雅二路132號,管理委員會制,3340873,董秋成,道,募,苓012,
683,安瀾宮,天上聖母,苓雅區,永泰路81號,管理委員會制,3352378,呂玩性,道,募,苓008,
684,財團法人高雄市修齊殿,葉府千歲,苓雅區,惠安街65號,財團法人制,2263639,謝金印,道,募,苓009,
685,棲霞精舍,三聖佛,苓雅區,輔仁路102巷43號,管理委員會制,7518601,孫億興,佛,募,苓007,
686,北極金殿,玄天上帝,苓雅區,林森二路50號,管理委員會制,3314136,林進良,道,募,苓010,
687,財團法人高雄佛教堂,釋迦牟尼佛,苓雅區,成功一路253號,財團法人制,2218945,趙秀娟,佛,募,苓003,
688,財團法人高雄巿五塊厝關帝殿,關聖帝君,苓雅區,三多一路151巷3號,財團法人制,7115965,陳順意(111/10/14去世),道,募,苓013,
689,高雄市高東天后宮,天上聖母,苓雅區,河北路155號,管理委員會制,7515862,呂榮勇,道,募,苓006,
690,高雄關帝廟,關聖帝君,苓雅區,武廟路52號,管理委員會制,7218782,黃富濃,道,募,苓001,
691,高雄市臨水宮,順天聖母,苓雅區,光華二路334號,管理委員會制,7519881,吳海橋,道,募,苓018,
692,太子宮,金吒太子,苓雅區,凱旋二路111號,管理委員會制,2225800,吳國偉,道,募,苓004,
693,建龍宮,五府千歲,苓雅區,永泰路91號,管理委員會制,3328891,黃清尚,道,募,苓017,
694,復興寺,釋迦牟尼佛,苓雅區,福德三路151巷16號,管理人(住持)制,7513453,陳寶鳳(釋堅慈),佛,募,苓002,
695,德興殿,神農大帝,苓雅區,光華一路148之6號,管理委員會制,7226018,翁萬基,道,募,苓014,
696,高雄港口慈濟宮,天上聖母,苓雅區,建軍路166之3號,管理委員會制,7493667,林秀珠,道,募,,苓補001
697,南聖宮,天上聖母,苓雅區,建國一路328巷62號,管理委員會制,2247325,吳精教,道,募,,苓補002
698,天寶宮,池府千歲,苓雅區,光華一路100巷27號,管理人制,7514600,黃朝光,道,募,,苓補003
699,高雄意誠堂關帝廟,文衡聖帝,苓雅區,三多四路66號,管理委員會制,3343208,洪榮豊,道,募,苓015,
700,高雄市代天府廟,李府千歲,苓雅區,光華一路257號,管理委員會制,2261008,吳先助,道,募,苓011,
701,妙明寺,釋迦牟尼佛,桃源區,興中巷5之1號,執事會制,,許南夫(釋明慧),佛,募,,桃補001
702,公明宮,天上聖母,杉林區,月眉里清水路公明巷20之6號,管理人(住持)制,6772427 6774158 6772709,古添登,道,募,杉002,
703,天台山心法寺,三寶佛,杉林區,新庄里司馬路2巷56之9號,管理人(住持)制,6772125,戴宏盛,佛,募,,杉補032
704,天台山法明寺,準提佛母,杉林區,集來里通仙巷236號,管理人(住持)制,6779088,石倉龍,道,募,,杉補026
705,北辰宮,北極玄天上帝,杉林區,木梓里茄苳巷26號,管理委員會制,6779231 6779725,潘清源,道,募,杉009,
706,弘恩寺,釋迦牟尼佛,杉林區,上平里山仙路152巷14號,管理人(住持)制,"6771158
6772722",謝清鑑(釋法願),佛,募,杉004,
707,新厝玄武殿,北極玄天上帝,杉林區,集來里通仙巷128之2號,管理委員會制,6779071,黃明田,道,募,,杉補028
708,玄龍宮,玄天上帝,杉林區,木梓里茄苳巷70之2號,管理人(住持)制,6779139,候武戴,道,募,,杉補023
709,伍龍廟,玄天上帝,杉林區,集來里通仙巷1號,管理人(住持)制,6772462 6773488,王良春,道,募,杉016,
710,如來聖寺,三寶佛,杉林區,杉林里合森巷145號,管理人(住持)制,6774344,王秋香(釋恆芳),佛,募,,杉補016
711,有緣寺,道濟仙師,杉林區,集來里通仙巷364之1號,管理人(住持)制,6779096,廖建纘,道,募,,杉補018
712,竹林寺,觀音佛祖,杉林區,上平里山仙路152巷13號,管理人(住持)制,6772093,林淑惠,佛,募,杉017,
713,竹林禪寺,阿彌陀佛,杉林區,杉林里合森巷5之9號,執事會制,,陳天訴,佛,募,,杉補005
714,佛濟寺,釋迦牟尼佛,杉林區,新庄里司馬路24巷11之1號,管理人(住持)制,6772852,林進成,佛,募,,杉補004
715,妙宗寺,釋迦牟尼佛,杉林區,月眉里清水路內寮巷40號,管理人(住持)制,6771632,陳武雄,佛,募,,杉補003
716,辰峰寺,觀音佛祖,杉林區,上平里上仙路152巷1號,管理人(住持)制,6771150 6771176,朱宏澤,佛,募,杉008,
717,奉天宮,張天師,杉林區,木梓里茄苳巷123號,管理人(住持)制,0910075983,鄭木山,道,募,,杉補029
718,明修堂,釋迦牟尼佛,杉林區,新庄里司馬路106巷8號,管理委員會制,6773032,李文樑,佛,募,杉010,
719,武當廟,玄天上帝,杉林區,新庄里司馬路384巷54號,管理人(住持)制,6771974,吳勝耀,道,募,杉005,
720,金剛法寺,阿彌陀佛,杉林區,木梓里茄苳巷125之15號,管理人(住持)制,6779237 6779239  ,郭萬勇(釋法忍),佛,募,,杉補019
721,金龍山濟公殿,濟公禪師,杉林區,集來里通仙巷363號,管理人(住持)制,6779016,廖永守,道,募,,杉補017
722,南海紫竹皇龍寺,觀音佛祖,杉林區,杉林里合森巷159號,管理人(住持)制,"6771771
6774114",陳景勝,佛,募,,杉補027
723,南興聖佛堂,觀音佛祖濟公師尊,杉林區,上平里大坑8號,管理人(住持)制,6774119,葉登貴,一貫道,募,,杉補020
724,威聖廟,開漳聖王,杉林區,集來里通仙巷177號,管理人(住持)制,6779551,張振松,道,募,,杉補024
725,真天巖,九天玄女,杉林區,月美里桐竹路141之1號,管理人(住持)制,6773465,陳紹倪,道,募,,杉補002
726,神農廟,神農大帝,杉林區,月眉里內寮23號,管理委員會制,6773752,邱秋福,道,募,杉014,
727,財團法人宏濟精舍,藥師琉璃光如來,杉林區,集來里通仙巷345號,財團法人制,6779777 6779099,劉蘇春燕,佛,募,,杉補012
728,財團法人高雄市月眉樂善堂,關呂張三聖,杉林區,月美里桐竹路241號,財團法人制,6771315 6773862,林榮山,道,募,杉012,
729,清修堂,地母娘娘,杉林區,新庄里司馬路2巷23之5號,管理人(住持)制," 6771342
",黃盛榮,道,募,,杉補015
730,通仙洞開基大濟公廟,大濟公,杉林區,集來里通仙巷66號,管理人(住持)制, 6774077 8018596,顏玉蟬,道,募,,杉補001
731,普賢靈修院,觀音佛祖,杉林區,杉林里合森巷31之6號,管理人(住持)制,,陳畯澤,儒,募,,杉補007
732,普濟心法聖道院,關聖帝君,杉林區,月眉里內寮39-3號,管理委員會制,6772470,吳麗眞,道,募,杉003,
733,朝峰宮,天上聖母,杉林區,木梓里茄苳巷50號,管理委員會制,6779947,江金本,道,募,,杉補011
734,朝雲宮,天上聖母,杉林區,月眉里清水路朝雲巷10號,管理人(住持)制,6773012 6771273,朱進喜,道,募,杉007,
735,無極天上殿,瑤池金母,杉林區,木梓里茄苳巷112號,管理委員會制,6679166,黃鐙鋒,道,募,,杉補021
736,開杉紫竹寺,觀音佛祖,杉林區,杉林里合森巷110號,管理委員會制,6773980 6772886,陳明昌,佛,募,杉011,
737,紫林寺,觀音佛祖,杉林區,集來里通仙巷407之1號,管理委員會制,6779412,陳文榮,佛,募,,杉補006
738,開龍宮收圓道場,五府千歲,杉林區,集來里通仙巷174-1號,管理委員會制,5566768 6779701,李明宗,道,募,杉001,
739,集來龍山廟,玄天上帝,杉林區,集來里通仙巷343號,管理委員會制,6779118 6779313,黃保全,道,募,杉006,
740,慈善巖,觀世音菩薩,杉林區,上平里山仙路152巷15號,管理人制,6771535 2226089,葉碧玉,佛,募,,杉補008
741,新峰寺,觀音佛祖,杉林區,新庄里司馬路24巷1號,管理人(住持)制,6772114,張榮昌,佛,募,,杉補014
742,照雲寺,觀音佛祖,杉林區,集來里通仙巷141號,管理委員會制,6779687,張泛洞,佛,募,,杉補010
743,鳳三宮,天上聖母,杉林區,木梓里茄苳巷39之7號,管理人(住持)制,6779081,潘有明,道,募,,杉補022
744,德崇寺,觀音佛祖,杉林區, 新庄里司馬路2巷142號,管理委員會制,6772302,林丁龍,佛,募,杉013,
745,龍泉寺,觀音佛祖,杉林區,新庄里司馬路24巷11號,管理委員會制,6773575 6771374,童貴賢,佛,募,杉015,
746,龍鳳寺,天上聖母,杉林區,木梓里茄苳巷117號,管理人(住持)制,0932799585,潘德勝,道,募,,杉補030
747,鎮安宮,"五年千歲
盧府千歲",杉林區,新庄里小份尾司馬路384巷16號,管理人(住持)制,6772858,陳勝達,道,募,,杉補025
748,譜光精舍,釋迦牟尼佛,杉林區,新庄里司馬路131之10號,執事會制,6774281,邱金榮(釋堅合),佛,募,,杉補013
749,觀音宮,觀音菩薩,杉林區,集來里通仙巷220號,管理委員會制,6779287,陳伯東,道,募,,杉補009
750,至聖廟,大成至聖先師孔夫子,杉林區,新庄里司馬路92巷6-1號,管理委員會制,6774522,曾受明,儒,募,杉018,
751,妙禪寺,釋迦牟尼佛,杉林區,月眉段2112-49、2112-50地號(暫時通訊地：大愛里合心路66巷3號),管理人(住持)制,6881925,蔡政華(釋傳意),佛,募,,杉補031
752,三聖宮,神農大帝,甲仙區,關山里中和巷55-1號,管理委員會制,6751739,江政勇,道,募,,甲補027
754,五帝廟,五福大帝,甲仙區,大田里新興路13號之1,管理人(住持)制,6752108,金江清意,道,募,,甲補026
755,五龍山聖天宮,天上聖母,甲仙區,大田里百葉巷12之1號,管理人(住持)制,6752906,李陳蕊,道,募,,甲補019
756,六化寺,釋迦牟尼佛,甲仙區,和安里4德巷13之1號,執事會制,6753530,蔡文慶,佛,募,,甲補007
757,天岳山祇園寺,三寶佛,甲仙區,大田里百葉巷13之1號,管理人(住持)制,6752373,李後興,佛,募,,甲補004
758,天岳山梵音禪寺,釋迦牟尼佛,甲仙區,大田里百葉巷16號,管理人(住持)制,6752919,黃修(釋智旭),佛,募,,甲補021
760,代天三安宮,濟公菩薩,甲仙區,和安里竹山巷5號,管理人(住持)制,6751125,金榮章,道,募,,甲補031
761,仙溪蘭若,釋迦牟尼佛,甲仙區,關山里中和巷29之1號,管理人(住持)制,6754196,釋天迺,佛,募,,甲補023
762,北極殿,玄天上帝,甲仙區,88水災湮滅(重建中),管理人(住持)制,6761347,周春朝(暫代),道,募,,
763,玉天宮,天上聖母,甲仙區,寶隆里光華路50巷7號,管理人(住持)制,6752052,王金德,道,募,,甲補024
764,玉旨宮,圓通自在天尊,甲仙區,大田里中園路37巷15號,管理人(住持)制,6751683,蕭誠助,道,募,,甲補010
765,白陽寺,觀世音菩薩,甲仙區,大田里新榮巷3號,管理人(住持)制,6753041,潘清田,道,募,,甲補018
766,白雲寺,劉府千歲,甲仙區,東安里白雲巷3號,管理人(住持)制,6752858,李嘉治,道,募,,甲補016
767,佛心禪寺,釋迦牟尼佛,甲仙區,關山里關東巷2號,管理人(住持)制,6751424,潘文富(釋智富),佛,募,,甲補022
768,供德宮,九天玄女,甲仙區,大田里百葉巷20號,管理人(住持)制,6751590,吳文陞,道,募,,甲補030
769,奉后宮,天上聖母,甲仙區,和安里中山路14巷8號,管理人(住持)制,6752667,林錦源,道,募,甲005,
770,法泉寺,釋迦牟尼佛,甲仙區,西安里樂群巷2之1號,管理人(住持)制,6753865,方進祥,佛,募,甲011,
771,南德府,五王千歲,甲仙區,西安里樂群巷1之1號,管理人(住持)制,6751543,陳塗,道,募,,甲補006
772,修緣寺,濟公活佛,甲仙區,大田里新興路13之2號,管理人(住持)制,6751633,劉文章,道,募,,甲補005
773,王母宮,玉皇大帝,甲仙區,西安里和南巷2號,管理委員會制,6751309,胡林珠凰,道,募,甲001,
774,真武堂,玄天上帝,甲仙區,西安里樂群巷11號,管理人(住持)制,6751672,江永豐,道,募,,甲補025
775,寂圓精舍,釋迦牟尼佛,甲仙區,寶隆里嶺頂巷73之2號,管理人(住持)制,6753550,蔡錦雲,佛,募,,甲補009
776,清龍巖,觀音佛祖,甲仙區,關山里嘉雲巷3之16號,管理人(住持)制,6753016,謝元助,佛,募,,甲補017
777,清隱寺,濟公禪師,甲仙區,西安里和南巷40號,管理人(住持)制,6752359,邱周月英,道,募,,甲補013
778,紫霞山大羅真宰府,九天真王,甲仙區,大田里百葉巷12之6號,管理人(住持)制,6754580,黃炎,道,募,,甲補032
779,開天玉府天宮,無極至尊,甲仙區,西安里和南巷6號,管理人(住持)制,6751349,李榮河,道,募,甲006,
780,開天宮,伏羲先帝,甲仙區,和安里四德巷1號,管理人(住持)制,6751670,潘誌忠,道,募,,甲補034
781,慈仁淨苑,釋迦牟尼佛,甲仙區,關山里嘉雲巷22號,管理人(住持)制,6751436,劉英治,佛,募,,甲補011
782,慈雲殿,觀音佛祖,甲仙區,大田里中園路7巷1號,管理人(住持)制,6752175,潘財明,道,募,,甲補028
783,慈雲精舍,觀世音菩薩,甲仙區,西安里和南巷6之2號,執事會制,6754579,楊素珠,佛,募,,甲補008
784,聖保宮,林府四元帥,甲仙區,大田里百葉巷8之3號,管理人(住持)制,6753416,李嘉治,道,募,,甲補012
785,聖道堂,關聖帝君,甲仙區,東安里文化南路7號,管理委員會制,6752666,陳忠祐,道,募,甲004,
786,褒忠義民亭,義民爺,甲仙區,東安里油礦巷29之1號,管理人(住持)制,6751643,張文興,道,募,甲008,
787,褒忠福玄壇,吳府三千歲,甲仙區,關山里關東巷19之1號,管理人(住持)制,6752231,劉家和,道,募,,甲補029
788,震威宮,玄天上帝,甲仙區,關山里中興路42巷28號,管理委員會制,6751808,許智發,道,募,甲010,
789,興隆精舍,釋迦牟尼佛,甲仙區,文化南路4號之1,管理人(住持)制,6752492,林美惠,佛,募,,甲補020
790,甲仙觀音菩薩寺,觀音菩薩,甲仙區,復興路26號,管理人(住持)制,6751178,徐淑鈴,道,募,甲012,
791,龍虎山紫雲殿,玄天上帝,甲仙區,寶隆里嶺頂巷11號,管理人(住持)制,6754285,陳淑麗,道,募,,甲補033
792,龍鳳山龍鳳寺,天上聖母,甲仙區,東安里油礦巷3號,管理人(住持)制,6752331,康苗杰,佛,募,甲002,
793,寶隆代天府五聖宮,五府千歲,甲仙區,寶隆里嶺頂巷46之2號,管理人(住持)制,6751820,王信忠,道,募,甲009,
794,靈隱寺,濟公活佛,甲仙區,寶隆里光華路2號,管理人(住持)制,6752123,王老得,道,募,,甲補014
795,天壇元宋太祖宮,昊天金闕至尊玉皇大帝,甲仙區,寶隆里嶺頂巷65號,管理委員會制,6752559,曾茂順,道,募,甲007,
796,右昌三山國王府,三山國王,楠梓區,盛昌街143巷7號,管理委員會制,3616482,陳善慧,佛,募,楠008,
797,中埔代天府,池府千歲,楠梓區,建楠橫路2號,管理委員會制,3510862,簡瑞宏,道,募,楠025,
798,仁壽宮,天上聖母,楠梓區,大學26街716號,管理委員會制,3633848,謝坤易,道,募,楠015,
799,右昌元帥府,元帥爺公,楠梓區,右昌1巷1號,管理委員會制,3616232,陳善慧,佛,募,楠009,
800,天文宮二王府,二王公,楠梓區,右昌街187巷192號,管理人(住持)制,3620874,陳清源,道,募,,
801,右昌一甲福德廟,南天福德正神,楠梓區,藍昌路136巷7號,管理委員會制,3618859,詹榮盛,佛,募,楠013,
802,右昌三甲福德祠,福德正神,楠梓區,廣昌街143號,管理委員會制,3681182,林國雄,佛,募,楠024,
803,亙古堂,關聖帝君,楠梓區,土庫北路16之1號,管理人(住持)制,3515175,詹吉川,道,募,楠020,
804,光照念佛會,釋迦牟尼佛,楠梓區,宏毅二路北6巷58號,管理人(住持)制,3619648,黃水森,佛,募,楠002,
805,宇宙無極天地保神宮,無極小王爺,楠梓區,學專路741之1號,管理人(住持)制,3620242,尤奎興,道,募,楠001,
806,有應公廟,有應公,楠梓區,學專路372號,管理委員會制,3610779,李來成,道,募,楠006,
807,後勁南海堂,觀音菩薩,楠梓區,高峰街30巷17號,管理委員會制,3619822,蔡進寶,道,募,楠003,
808,財團法人後勁明修堂,關聖帝君,楠梓區,後勁中街54巷1號,財團法人制,3614784,邱國進,儒,募,楠023,
809,財團法人高雄市援中港代天府,五府千歲,楠梓區,德中路81巷31號,財團法人制,3625144,李清讚,道,募,楠019,
810,清福寺,清水祖師,楠梓區,土庫八街277巷8號,管理委員會制,3516160,戴朝鵬,道,募,楠016,
811,復古寺,釋迦牟尼佛,楠梓區,藍昌路136巷6號,管理人(住持)制,3630066,聖蓮,佛,募,楠014,
812,援中港旨龍宮,李府千歲,楠梓區,藍田路1075號,管理委員會制,3633194,李清讚,道,募,,楠補002
813,援中港清水巖,清水祖師,楠梓區,德中路42號,管理委員會制,3634575,黃文禎,道,募,楠022,
814,援中港聖母宮,天上聖母,楠梓區,德中路46巷8號之1,管理委員會制,5917002,吳金龍,道,募,,楠補003
815,善能精舍,釋迦牟尼佛,楠梓區,廣昌街29巷22號,管理人(住持)制,3614544,簡碧珍(釋圓清),佛,募,楠021,
816,慈雲寺,釋迦牟尼佛,楠梓區,楠梓新路309號,管理人(住持)制,3511345,釋戒慧(蔡宗桓),佛,募,楠017,
817,楠梓天后宮,天上聖母,楠梓區,楠梓路1號,管理委員會制,3515672,林瑪玲,道,募,楠010,
818,楠梓代天府,朱府王爺,楠梓區,楠梓西巷45之1號,管理委員會制,3521244,林瑪玲,道,募,楠011,
819,楠梓車頭寮代天府,吳府千歲,楠梓區,高楠公路1746號,管理委員會制,3617387,陳輝主,道,募,楠018,
820,楠梓東門王爺廟,東門王爺,楠梓區,興楠路300號,管理委員會制,3515865,詹太源,道,募,楠012,
821,楠梓聖德宮,李府元帥,楠梓區,楠梓舊街15之1號,管理委員會制,3628429,吳清長,道,募,,楠補001
822,聖雲宮,保生大帝,楠梓區,聖雲街129號,管理委員會制,3610779,李來成,道,募,楠004,
823,福德祠,福德正神,楠梓區,後勁西路122號,管理委員會制,3610997,李來成,道,募,楠007,
824,鳳屏宮,神農大帝,楠梓區,後勁東路22號,管理委員會制,3610779,李來成,道,募,楠005,
825,三保宮,蘇府大王爺、天上聖母,鼓山區,河邊街53巷13號,管理委員會制,5211369,劉明福,道,募,鼓009,
826,千光寺,釋迦牟尼佛,鼓山區,千光路80號,管理人制,5516580,林玉玲(釋見進),佛,募,,鼓補006
827,千光宮,李府千歲,鼓山區,青泉街92號,管理人制,5312083,陳帝生,道,募,鼓014,
828,大義宮,文衡聖帝,鼓山區,鼓山二路69巷22之1號,管理委員會制,5510126,謝龍隱,道,募,鼓005,
829,山海宮,朱府千歲,鼓山區,桃源里柴山93號,管理人制,5250504,蔡福進,道,募,,鼓補001
830,內惟青雲宮,保生大帝,鼓山區,建榮路157巷24號,管理委員會制,5216506,黃永斌,道,募,鼓019,
831,文龍宮,范府千歲,鼓山區,濱海一路57巷2弄2號,管理委員會制,5322943,魏文忠,道,募,鼓007,
832,代天宮,五府千歲,鼓山區,鼓波街27號,管理委員會制,5518801,王再福,道,募,鼓020,
833,打鼓岩元亨寺,釋迦牟尼佛,鼓山區,元亨街5、7號,執事會制,5213236,釋淨明,佛,募,鼓022,
834,玄靈殿,文衡聖帝,鼓山區,鼓山二路178巷1號,管理委員會制,5214151,羅桔村,道,募,鼓010,
835,玉虛穹北極殿,北極玄天上帝,鼓山區,鼓山三路108之20號,管理人制,5833925,謝金仰,道,募,鼓018,
836,地嶽殿,東嶽仁聖大帝,鼓山區,河川街103巷20號,管理委員會制,5519629,王焜燦,道,募,鼓026,
837,赤龍宮,清水祖師,鼓山區,內惟路379巷6號,管理人制,5818184,侯文邦,道,募,鼓028,
838,法興禪寺,釋迦牟尼佛,鼓山區,興國路12號,管理人制,5516126,釋聖雄,佛,募,,鼓補005
839,城隍廟,文武城隍公,鼓山區,鼓山二路223之3號,管理人制,5516148,鄭清一,道,募,鼓027,
840,珠靈殿,朱府千歲,鼓山區,鼓山二路168巷14弄1號,管理人制,5320780,洪光明,道,募,鼓024,
841,財團法人高雄市鼓山區內惟神福祠(福德爺),池府千歲,鼓山區,九如四路1450號,財團法人制,5836512,陳洋吉,道,募,鼓001,
842,高南東嶽殿,東嶽大帝,鼓山區,鼓山一路161巷7弄8號,管理委員會制,5516294,薛天來,道,募,鼓002,
843,高馬北極殿,真武大帝,鼓山區,鼓山二路25巷26弄9號,管理人制,5613852,杜進發,道,募,鼓006,
844,高崇山福亨寺,釋迦牟尼佛,鼓山區,裕興路11號,管理人制,5539687,戴文璋,佛,募,鼓023,
845,高雄天軍殿,趙府元帥,鼓山區,綠川街26巷22號,管理委員會制,5215215,蕭頂順,道,募,,鼓補003
846,啓安堂,關聖帝君,鼓山區,日昌路96之1號,管理委員會制,5878334,李春茂,道,募,,鼓補002
847,清雲宮,三教佛祖,鼓山區,臨海一路34號,管理委員會制,5312716,潘奎佑,道,募,鼓015,
848,開臺福德宮,福德正神,鼓山區,安海街32巷35號,管理委員會制,5212840,鄭鋒興,道,募,鼓013,
849,黃正公祠,黃正公,鼓山區,迪化街90號,管理人制,5212923,黃清霖,道,募,鼓008,
850,慈仁宮,保生大帝,鼓山區,河西一路3號,管理委員會制,5617126,王紹仁,道,募,鼓011,
851,慈濟宮,保生大帝,鼓山區,樹興街63號,管理委員會制,5313037,謝佳霖,道,募,鼓003,
852,聖公媽廟,聖公媽,鼓山區,鼓山二路80之18號,管理人制,5611825,呂高舜,道,募,鼓025,
853,鼓山彌陀院,阿彌陀佛,鼓山區,吳鳳路55號,管理人制,5829104,李美雲(釋心志),佛,募,鼓021,
854,德安宮,天上聖母,鼓山區,中華一路2133巷45之1號,管理委員會制,5553602,黃慶富,道,募,鼓017,
855,龍子天公廟,玉皇上帝,鼓山區,中華一路2133巷47號,管理人制,5550304,傅景發,道,募,鼓016,
856,龍泉寺,觀世音菩薩,鼓山區,鼓山三路51巷59號,執事會制,5217261,釋和定,佛,募,鼓012,
857,龍泉宮,天上聖母,鼓山區,青泉街106號,管理委員會制,5214701,黃淵源,道,募,鼓029,
858,龍水化龍宮,中壇元帥,鼓山區,河西一路1357號,管理委員會制,5535317,李茂林,道,募,鼓004,
859,財團法人高崇山福亨寺佈教資團,釋迦牟尼佛,鼓山區,裕興路11號,財團法人制,5539687,戴文璋,佛,募,鼓023與高崇山福亨寺為同一主體,
860,高雄市萬壽山藏王宮,地藏王菩薩,鼓山區,峰南里千光路12號,管理委員會制,5618056,王忠賢,道,募,鼓030,
861,三聖殿,金、范、李三府千歲,鹽埕區,河西路197號,管理人制,5519146,蔡進丁,道,募,鹽010,
862,吉貝武聖殿,文衡聖帝,鹽埕區,建國四路23號,管理人制,5613513,莊吉雄,道,募,鹽008,
863,沙仔地威靈宮,保生大帝,鹽埕區,必忠街64號,管理人制,5515708,歐國隆,道,募,鹽006,
864,沙多宮,伍府千歲,鹽埕區,富野路49號,管理委員會制,5214700,鍾嘉村,道,募,鹽002,
865,東嶽靈殿,秦府大帝,鹽埕區,大義街116號,管理人制,5212080,吳正陵,道,募,,鹽補002
866,保安宮,康府千歲,鹽埕區,大公路117號,管理人制,5517740,蔡天基,道,募,鹽005,
867,威靈宮,保生大帝,鹽埕區,大仁路220號,管理委員會制,5513160,許高進,道,募,鹽003,
868,財團法人高雄市文武聖殿,文衡聖帝,鹽埕區,富野路170號,財團法人制,"5514712
5514717",黃瑛芳,道,募,鹽011,
869,財團法人高雄市鹽埕區三山國王廟,三山國王,鹽埕區,鹽埕街54號,財團法人制,5511440,林孟丹,道,募,鹽012,
870,高案北極殿,玄天上帝,鹽埕區,大智路31號,管理委員會制,5611888,林文煥,道,募,鹽007,
871,高雄市霞海城隍廟,霞海城隍公祖,鹽埕區,富野路81號,管理委員會制,5518630,蔡登發,道,募,鹽001,
872,朝后宮,天上聖母,鹽埕區,北斗街6號,管理委員會制,5218143,林志成,道,募,,鹽補001
873,溫王廟,溫府王爺,鹽埕區,興華街12巷8號,管理委員會制,5616970,蘇國盛,道,募,鹽009,
874,壽山宮,池府千歲,鹽埕區,富野路136號,管理委員會制,5317334,雲四維,道,募,鹽004,
875,財團法人鳳山佛教蓮社,阿彌陀佛,鳳山區,三民里三民路58號,財團法人制,7462527,釋慧嚴(黃依妹),佛,募,鳳019,
876,財團法人高雄市鳳山區雷府大將公廟,雷府大將公,鳳山區,老爺里5甲1路732號,財團法人制,7631245,許順泰,道,募,鳳002,
877,財團法人鳳邑靜心社舉善堂,關聖帝君,鳳山區,和興里5甲1路213巷37號,財團法人制,7461378 8120653,蔡陳耀灓,道,募,鳳053,
878,財團法人鳳山鎮南宮仙公廟,孚佑帝君,鳳山區,和興里和興街189號,財團法人制,7479641,何秉昌,道,募,鳳032,
879,財團法人高雄市鳳山天公廟,玉皇上帝,鳳山區,光明里光明路151號,財團法人制,7463815 ,黃順德,道,募,鳳008,
880,城隍廟,城隍尊神,鳳山區,鳳崗里鳳明街66號,管理委員會制,7468360,楊献欽,道,募,鳳009,
881,財團法人鳳山市文衡殿,關聖帝君,鳳山區,文衡里文殿街2號,財團法人制,7760615,錢俊皞,道,募,鳳037,
882,寶善堂,阿彌陀佛,鳳山區,和德里中山路5巷8號,管理人制,7463506,王志傑,佛,募,鳳003,
883,清和宮,五福大帝,鳳山區,興仁里安寧街53號,管理委員會制,7413814,陳仁道,道,募,鳳014,
884,鳳邑修心社靈善堂,靈官王天君,鳳山區,興仁里安寧街250巷1號,管理委員會制,7434450,蔡宏雄,道,募,鳳029,
885,法元寺,釋迦牟尼佛,鳳山區,博愛路571號,管理人(住持)制,7463207,劉黃美華(釋嚴慧),佛,募,鳳020,
886,明善寺,觀世音菩薩,鳳山區,黃埔路57號,管理人(住持)制,7460410,釋悟清,佛,募,鳳033,
887,財團法人高雄市鳳邑新復寺,觀音媽祖,鳳山區,鎮西里新生街60之5號,財團法人制,7420489 ,歐月娥,道,募,鳳030,
888,五甲龍成宮,天上聖母,鳳山區,五甲二路730巷6號,管理委員會制,8312677,鄭振成,道,募,鳳022,
889,財團法人高雄市鳳山北極殿,玄天上帝,鳳山區,瑞竹里瑞興路65號,財團法人制,7428890,李美雲,道,募,鳳036,
890,精妙宮,巧聖先師,鳳山區,瑞竹里中山東路219巷21號,管理委員會制,7466882,蔡慶宗,道,募,鳳025,
891,鳳邑省化社喚善堂,王天君,鳳山區,瑞興路180號,管理委員會制,7466311,呂清森,儒,募,鳳026,
892,代天宮,五府千歲,鳳山區,瑞興里瑞芳街41號,管理委員會制,7416499,黃勝宏,道,募,鳳043,
893,田南宮,田都元帥,鳳山區,和興里樂園街8號,管理委員會制,7410481,王明俊,道,募,鳳031,
894,南誠堂,觀音佛祖,鳳山區,鎮西里信義街111之1號,管理委員會制,7470869 7470528,吳寶貝,道,募,鳳015,
895,樂善堂,張天師,鳳山區,鎮西里文聖街70號,管理委員會制,7424823,謝明照,道,募,鳳038,
896,鳳山代天府,五府千歲,鳳山區,瑞竹里中山東路229巷22之1號,管理委員會制,7465202,蔡忠勇,道,募,鳳016,
897,保興宮,保生大帝,鳳山區,自由路138號,管理委員會制,7467308,莊誠輝,道,募,鳳001,
898,財團法人高雄市鳳山區新甲北極殿,北極玄天上帝,鳳山區,武漢里武營路209號,財團法人制,7719670,黃家松,道,募,鳳004,
899,慈青堂,何仙姑,鳳山區,忠孝里青年路2段103巷22號,管理人制,7428565,陳世傑,道,募,鳳023,
900,財團法人高雄市鳳山區美泰宮,天上聖母,鳳山區,正義里南昌街23號,財團法人制,7715619,曾金坤,道,募,鳳045,
901,鳳邑學心社慈善堂,關聖帝君,鳳山區,鳳明街68號,管理人制,7418675,陳進壽,道,募,鳳046,
902,鳳邑養心社啟善堂,關聖帝君,鳳山區,瑞竹里鎮東2巷12之1號,管理委員會制,7427693,黃海含,道,募,鳳006,
903,開漳聖王廟,開漳聖王,鳳山區,鎮西里忠義街132號,管理委員會制,7471659,陳梅芳,道,募,鳳007,
904,西園宮,劉府千歲,鳳山區,興仁里中山路229巷10號,管理委員會制,7439728,林武雄,道,募,鳳047,
905,財團法人高雄市鳳山區鳳南宮,池府千歲,鳳山區,過埤里過雄街52巷31號之1,財團法人制,0933-329899,簡茂榮,道,募,鳳052,
906,財團法人高雄市五甲協善心德堂,觀世音菩薩,鳳山區,五甲二路722號,財團法人制,8217749,鄭明祥,佛,募,鳳040,
907,鎮南宮,劉府千歲,鳳山區,埤頂里鳳埤街58號,管理委員會制,7013920,簡德中,道,募,鳳039,
908,白龍庵,五福大帝,鳳山區,和德里立志街34號,管理委員會制,7427742,王文鴻,道,募,鳳041,
909,北辰宮,巫府千歲,鳳山區,鎮北里北辰街1號,管理委員會制,7451531 7412866,趙健在,道,募,鳳021,
910,雙慈殿,天上聖母、觀世音菩薩,鳳山區,縣口里三民路285之1號,管理委員會制,7468637,林明賢,道,募,鳳010,
911,鎮安宮,關聖帝君,鳳山區,南興里中山路30號,管理委員會制,7403419,邱妙宜,道,募,鳳012,
912,龍山寺,觀音佛祖,鳳山區,和德里中山路7號,管理委員會制," 7418824
7467391
7902924",劉盡忠,佛,募,鳳034,
913,福德宮,福德正神,鳳山區,鎮東街37號,管理委員會制,7417350,沈龍泉,道,募,鳳011,
914,鳳德三子亭,三太子爺,鳳山區,中和里信義街303之1號,管理委員會制,7453545,葉美蓮,道,募,鳳013,
915,瑞安宮,天上聖母,鳳山區,瑞竹里中山東路213巷5號,管理委員會制, 7471788,陳國華,道,募,鳳035,
916,紫竹林精舍,釋迦牟尼佛,鳳山區,武漢里漢慶街60號,管理人制,7133891,林美雲(釋見頤),佛,募,鳳024,
917,神農宮,神農大帝,鳳山區,文衡里文殿街110號,管理人制,7768825,謝順炎,道,募,鳳049,
918,興安宮,五府千歲,鳳山區,建國路3段319巷16號,管理委員會制,7473272,丁清止,道,募,鳳042,
919,飛鳳宮,保儀尊王,鳳山區,南成里保華一路136號,管理委員會制,7965351,陳金成,道,募,鳳051,
920,澎湖東吉啟明宮,徐府王爺,鳳山區,保安1街149號,管理委員會制,7925931,陳文生,道,募,鳳048,
921,正軍堂,水吉成公,鳳山區,南成里家和3街100號,管理委員會制,8217546,洪啟宗,道,募,鳳027,
922,洪氏佛祖廟,觀音菩薩,鳳山區,南成里偉成街1號,管理委員會制,7965666,洪裕峰,道,募,鳳005,
923,鳳山彌陀精舍,釋迦牟尼佛,鳳山區,中和街108號,管理委員會制,2512113,黃明正,佛,募,鳳050,
924,紅毛港保安堂,郭府千歲,鳳山區,南成里國慶七街132號,管理委員會制,7966198,張吉雄,道,募,鳳018,
925,飛鳳寺,廣澤尊王,鳳山區,南成里紅毛港路27號,管理委員會制,7966969,洪明三,道,募,鳳017,
926,朝鳳寺,觀音佛祖,鳳山區,南成里紅毛港路90號,管理委員會制,7920511,洪啟宗,道,募,鳳028,
927,海眾廟,海眾先師,鳳山區,南成里國慶七街130號,管理委員會制,7966506,楊啟瑞,道,募,鳳054,
928,修善堂,觀音佛祖,鳳山區,南成里六成街125號,管理委員會制,7965508,吳瑞生,道,募,鳳044,
,興順府,五府千歲,鳳山區,建國路一段64巷2之25號,管理委員會制,7037458,劉寧祝,到,募,鳳055,
929,鳳邑福能宮,福德正神,鳳山區,北門里鳳松路20巷5號,管理委員會制,7469488,翁閙養,道,募,,鳳補004
930,佈善堂,豁落靈官王天君,鳳山區,鳳埤街60巷6號,管理人制,7019742,李明清,道,募,,鳳補017
931,萬姓公媽廟,萬姓公媽祖,鳳山區,北門里民興路61之1號,管理委員會制,7472145,曾和仁,道,募,,鳳補001
932,慈福宮,李府千歲,鳳山區,自由路53巷17號,管理委員會制,7423347,李明泉,道,募,,鳳補013
933,過埤福德宮,福德正神,鳳山區,過埤里過埤路51巷19之1號,管理委員會制,7920404,簡仁爘,道,募,,鳳補010
934,萬應宮,萬聖公媽,鳳山區,鎮西里中華街32之1號,管理委員會制,7902786,林天生,道,募,,鳳補014
935,振天寺,釋迦牟尼佛,鳳山區,新強里新強路8之1號,管理人制,7667261,薛淑月,佛,募,,鳳補003
936,彌陀寺,三寶佛,鳳山區,福祥里自強2路5巷2號,管理人制,8213255,陳秀珠(釋海慧),佛,募,,鳳補006
937,天彰聖堂,明明上帝,鳳山區,北門里博愛路585號,管理人制,7417108,王寶宗,一貫道,募,,鳳補002
938,百姓福德宮,百姓公,鳳山區,王生明路150之6號,管理委員會制,7474884,郭政寬,道,募,,鳳補019
939,財團法人台灣省高雄縣鳳山市順南宮,順天聖母,鳳山區,南成里林森路146之2號,財團法人制,8318532,楊正福,道,募,,鳳補007
940,赤山福德祠,福德正神,鳳山區,文山里文南街122號,管理委員會制,,歐國南,道,募,,鳳補015
941,鳳山寺,廣澤尊王,鳳山區,鎮南里龍成路34巷17號,管理人制,8113971,陳貴圖,道,募,,鳳補021
942,仁聖宮,池府千歲,鳳山區,新富路106之1號,管理委員會制,7161978,李皆道,道,募,,鳳補016
943,代德宮,池府千歲,鳳山區,南成里國慶9街25-1號,管理委員會制,7920961,吳德霖,道,募,,鳳補009
944,同安廟,清水祖師,鳳山區,三民路156號,管理人制,7475105,鄭媽成,道,募,,鳳補018
945,三姑宮,三姑娘娘,鳳山區,南江街109巷17號,管理委員會制,7711650,蕭家棟,道,募,,鳳補008
946,財團法人高雄市鳳山區真君宮,保生大帝,鳳山區,過埤里過埤路176之1號(通訊地：鳳山區過埤里過雄街52巷31之1號),財團法人制,,鄭榮文,道,募,,鳳補020
947,皇奉堂,東廚帝君,鳳山區,鎮南里鎮南街105巷十號,管理委員會制,8154105,郭哲聰,道,募,,鳳補012
948,沐暉堂,馬府千歲,鳳山區,正義里光榮街50號,管理委員會制,7270343,周承右,道,募,,鳳補011
949,三清宮,元始天尊,鳳山區,過埤里過勇路2之1號,管理人制,7159301,林炳源,道,募,,鳳補005
950,廣應廟,謝府王公,林園區,廣應里王公路340號,管理委員會制, 6413158 6425716,涂德隆,道,募,林009,
951,修性佛堂,觀世音菩薩,林園區,王公里清水岩路167號,管理人制,6411804,黃水赺,佛,募,林010,
952,百蓮寺,觀世音菩薩,林園區,文賢里康樂街55號,管理委員會制,6432322,許恆誠,佛,募,林034,
953,普願寺,釋迦牟尼佛,林園區,文賢里文賢南路100號,管理人制,6412233,釋淨音,佛,募,林021,
954,林溪禪寺,觀世音菩薩,林園區,林園里忠孝東路130號,管理人制,6412264,紀秀桂(釋悟禪),佛,募,林030,
955,興濟宮,保生大帝,林園區,林園里忠孝西路18號,管理委員會制,6413121,張明堂,道,募,林007,
956,溪州里清水寺,觀音佛祖,林園區,溪州里溪州2路54號,管理委員會制,6463078,龔子文,佛,募,林012,
957,東隆宮,池府千歲、觀音佛祖,林園區,五福里(路)249巷6弄12號,管理委員會制,6412597,田賢三,道,募,林022,
958,清水寺,觀世音菩薩,林園區,潭頭里清水岩路214號,管理委員會制, 6412180 6420248 ,黃西井,佛,募,林002,
959,林鳳宮,陳府夫人,林園區,中門里下厝路89巷5之8號,管理人制, 6417315 6413683,林所,道,募,林033,
960,進發宮,天上聖母,林園區,中門里海墘路108號,管理人制,6412781,林榮堂,道,募,林019,
961,龍潭寺,觀世音菩薩,林園區,林家里林家路270巷18號,管理人制, 6462728    6419221,林明田,佛,募,林004,
962,三清殿,祖師公,林園區,龔厝里前厝路4巷9號,管理委員會制,6420481,黃順良,道,募,林008,
963,無極紫修殿警善堂,瑤池金母、玉皇大帝,林園區,頂厝里檨林巷10號,管理委員會制, 6414115 6416560,黃俊傑,佛,募,林011,
964,先鋒廟,周黃府先鋒,林園區,頂厝里頂厝路133巷26號,管理委員會制,6460823,周黃正訓,道,募,林028,
965,龍鳳宮,黃府姑娘、觀音佛祖、李府千歲,林園區,頂厝里椰樹南巷15號,管理委員會制,6421362,陳憲億,道,募,林026,
966,池鳳宮,池府千歲,林園區,港嘴里港嘴1路3號,管理人制,6421376,蔡江泉,道,募,林023,
967,崑龍宮,崑府千歲,林園區,港嘴里港嘴2路154號,管理人制,6415211,蔡瑞福,道,募,林036,
968,協天宮,協天大帝,林園區,西溪里後厝路36之1號,管理委員會制,6431894 6450681,呂順泰,道,募,林020,
969,郭龍宮,郭府千歲,林園區,西溪里半廍路30號,管理委員會制,6431564 6425949,林自亨,道,募,林015,
970,保生宮,保生大帝,林園區,西溪里半廍路59號,管理委員會制,6417145,王耀裕,道,募,林014,
971,福安宮,灝府千歲,林園區,西溪里中港路20號,管理人制, 6422910 6416992,黃昭榮,道,募,林031,
972,賜安宮,吉府千歲,林園區,西溪里西溪路71號,管理人制,6421906,陳志鵬,道,募,林024,
973,北極殿,玄天上帝,林園區,西溪里西溪路32號,管理人制,6411618 6436700,歐文勝,道,募,林017,
974,靈帝殿,何府千歲,林園區,中芸里中芸路1號,管理委員會制,6421402,伍木坤,道,募,林006,
975,鳳芸宮,天上聖母,林園區,鳳芸里鳳芸路78號,管理委員會制,6415152,伍木坤,道,募,林005,
976,鳳隆宮,溫府千歲,林園區,東汕里92號,管理委員會制,6423453,蔡文榮,道,募,林035,
977,三元殿,三官大帝,林園區,中厝里3官路12號,管理委員會制,6413085 6414868,劉東元,道,募,林027,
978,三清宮代天府,池府千歲,林園區,中汕里北汕路33巷16之23號,管理人制,6439955,劉茂松,道,募,林001,
979,西如寺,釋迦牟尼佛,林園區,廣應里清水岩路347號,執事會制,6417759,張金枝(釋圓凱),佛,募,林029,
980,平水廟,平水天王,林園區,北汕里力行路5號,管理委員會制,6418057,李榮富,道,募,林032,
981,財團法人廣濟宮,觀音佛祖,林園區,潭頭里清水岩路98巷18號,財團法人制,6410145 6423948,洪黃玉西,道,募,林003,
982,北極殿靈聖堂,玄天北極上帝,林園區,頂厝里頂厝路13巷51號,管理委員會制,,黃宏文,道,募,林025,
983,龍濟宮,天上聖母,林園區,5福里沿海路1段26巷1弄2號,管理委員會制,6413312,黃百亨,道,募,林013,
984,北極殿,玄天上帝,林園區,中汕里北汕路15號,管理人制,6462839,劉能生,道,募,林018,
985,聖隆宮,洪府千歲,林園區,林園里仁愛路107巷5號,管理人制,6414340,高新福,道,募,,林補030
986,鳳龍寺,觀音佛祖,林園區,溪洲里溪洲一路223巷2號,管理委員會制,6415835,張清正,道,募,,林補022
987,西河宮,順天聖母,林園區,五福里沿海路1段107號,管理人制,6419267,林文濱,道,募,,林補023
988,福德廟,福德正神,林園區,鳳林路3段276號,管理人制,6412501,劉水林,道,募,,林補014
989,大願禪寺,觀世音菩薩,林園區,潭頭里清水岩路98巷12號,管理人制,6429521,釋淨音,佛,募,,林補004
990,林內里福德廟,福德正神,林園區,林內路77號,管理委員會制,6430243,廖錦舜,道,募,,林補033
991,神農宮,神農大帝,林園區,廣應里頂磘溝21號,管理人制,6417332,黃吉村,道,募,,林補002
992,鳳林寺,觀音佛祖,林園區,王公里王公路236號,管理人制,6419509,凌鈺翔,道,募,,林補020
993,清龍宮,黃府千歲,林園區,港埔1路35號,管理人制,6414348,黃克敏,道,募,,林補026
994,震靈宮,池府千歲,林園區,港埔里港埔2路31巷8號,管理委員會制,6412434,葉吉龍,道,募,,林補001
995,康奉宮,康府千歲,林園區,港埔里港埔2路128號,管理人制,6414314,楊進明,道,募,,林補018
996,天師廟,張天師,林園區,溪洲里溪洲1路142巷4號,管理委員會制,6417341,徐聖欽,道,募,,林補007
997,無極大羅金仙府星漢殿百善堂,南無觀世音菩薩,林園區,鳳林路3段181號,管理人制,6424238,林金和,佛,募,,林補027
998,福安宮,福德正神,林園區,林園里仁愛路31號,管理人制,6412537,詹文雄,道,募,,林補032
999,爐濟殿,關聖帝君,林園區,東汕里(路)26號,管理委員會制,6430042,謝啟正,道,募,,林補009
1000,文昌宮,文昌帝君,林園區,王公里王公路66之1號,管理人制,6412128,廖文鎮,道,募,,林補015
1001,港龍宮,池府千歲,林園區,港埔里港埔路42號,管理委員會制, 6436106 6412137,黃文男,道,募,,林補005
1002,東鳳宮,溫府五府千歲,林園區,東汕里東汕路3號,管理人制,6433672 6410361 6412125  6417980,吳棋春,道,募,,林補011
1003,東興宮,太陽星君,林園區,溪洲里溪洲1路56巷3號,管理委員會制,6414571,謝智識,道,募,,林補006
1004,天園聖堂,明明上帝,林園區,林園里鳳林路2段12巷5號,管理委員會制,6411495,林薛壽,一貫道,募,,林補003
1005,城隍廟,城隍尊神,林園區,中厝里大義路111巷6號,管理委員會制,6422054,劉松山,道,募,,林補010
1006,北隆宮,溫府千歲,林園區,潭頭里潭頭路129號,管理人制,6412842,蔡燕章,道,募,,林補016
1007,董龍宮,董府千歲,林園區,頂厝里頂厝路62號,管理委員會制,6413952,黃文恭,道,募,,林補008
1008,三聖宮,天上聖母,林園區,王公里王公路194號,管理委員會制,6411994,黃玉清,道,募,,林補025
1009,瑞鳳宮,林奶夫人,林園區,頂厝里田厝路100巷6-1號,管理人制,6436804,黃志明,道,募,,林補019
1010,北斗玄武殿,玄天上帝,林園區,中汕里北汕路88巷2之5號,管理人制,6413390,李福祥,道,募,,林補017
1011,觀音寺,觀音佛祖,林園區,頂厝里過溝1巷2號,管理委員會制,6426059,韓順慶,道,募,,林補029
1012,福德宮,福德正神,林園區,廣應里磘溝122號,管理委員會制,6427125,黃輝璽,道,募,,林補028
1013,金興宮,金府千歲,林園區,中門里下厝路70巷3之3號,管理人制,6417123,紀招枝,道,募,,林補012
1014,三隆宮,神武天王,林園區,頂厝里田厝路102巷1號,管理人制,6425171,鄭文斌,道,募,,林補031
1015,明仁社保善堂,保生大帝,林園區,仁愛路15巷18號,管理人制,6419315,黃富雄,道,募,,林補021
1016,觀善堂,觀音大士,林園區,西汕里西汕路36號,管理人制,,張慶益,道,募,,林補024
1017,慈天宮,天上聖母,林園區,中汕里北汕路33巷32號,管理人制,6431621,邱清泉,道,募,,林補013
1018,明山寺,釋迦牟尼佛,林園區,中門里海墘路24號,管理人制,,郭文生,道,募,林016,
1019,東林福德廟,南天福德正神,林園區,福興街48號,管理委員會制,6437594,林寶祥,道,募,林038,
1020,聖帝殿,關聖帝君,林園區,龔厝里龔厝路72巷10號,管理委員會制,6427140,龔瑞璋,道,募,林039,
1021,敬信宮,廣澤尊王,林園區,溪州二路57巷75號,管理委員會制,6421030,許明達,道,募,林037,
1022,朝中宮,玄天上帝,大寮區,中庄里八德路132號,管理委員會制,7013347,吳玉訓,道,募,寮006,
1023,龍鳳宮,觀音佛祖,大寮區,中庄里打鐵街130號,管理委員會制,7012616 7050301,莊勝義,道,募,寮035,
1024,北極殿,玄天上帝,大寮區,溪寮里(路)95號,管理委員會制,6517736,王基長,道,募,寮031,
1025,興濟宮,保生大帝,大寮區,鳳屏1路331號,管理委員會制,7010730,蔡武宗,道,募,寮009,
1026,南雄代天府,李府千歲,大寮區,鳳林3路301巷35號,管理委員會制,7813573,張簡秀介,道,募,寮002,
1027,高雄市大寮三龍宮,巫府千歲,大寮區,三隆里慈隆街88之1號,管理委員會制,7820119,林松雄,道,募,寮038,
1028,慈隆宮,池府千歲,大寮區,三隆里慈隆街9-1號,管理委員會制,7818567,林天鵬,道,募,寮022,
1029,西羅殿,廣澤尊王,大寮區,三隆里信隆街37巷10號,管理委員會制,,黃大呈,道,募,寮029,
1030,保福宮,保生大帝,大寮區,拷潭里(路)35號,管理委員會制,8901310,王照隆,道,募,寮028,
1031,周廣宮,周府王爺,大寮區,大寮里周廣街120-1號,管理人制,7883078,陳進鄉,道,募,寮007,
1032,北極宮,玄天上帝,大寮區,會結里會興三街155號1樓,管理人制,7876416 7878228,陳榮崑,道,募,寮011,
1033,潮龍寺,釋迦牟尼佛,大寮區,潮寮里潮寮路250號,管理委員制,7873715,吳致慧,佛,募,寮001,
1034,圓通寺,釋迦佛,大寮區,鳳林1路161巷23號,管理人制,6412263,釋會振(陳永振),佛,募,寮024,
1035,復醒堂,孚佑帝君,大寮區,鳳林1路329巷1號,管理人制,6417554,傅張簡玉梅,道,募,寮019,
1036,聖帝殿,關聖帝君,大寮區,昭明里鳳林1路34巷78號,管理人制,6417523,林登讚,道,募,寮036,
1037, 保安宮                                                                                                                                         ,保生大帝,大寮區,鳳林1路179號,管理委員會制,6425212,許明得,道,募,寮018,
1038,高雄市義和代天府,池府千歲,大寮區,義和里義和路166號,管理委員會制,6528742 6514033,林和德,道,募,寮010,
1039,溫仁宮,溫府千歲,大寮區,江山里(路)9號,管理委員會制,"7033049
0932731620",張政助,道,募,寮034,
1040,天堂寺,觀世音菩薩,大寮區,內坑里鳳林2路531號,管理人制,7879107,黃聲雁,佛,募,寮039,
1041,山頂朝天宮,天上聖母,大寮區,山頂里景隆街20號,管理委員會制,廟：7831385,簡聰新,道,募,寮004,
1042,靜修禪寺,釋迦牟尼佛,大寮區,中興里(路)44之13號,管理人制,7823381,洪秀鳳,佛,募,寮030,
1043,中保亭廟,中壇元帥,大寮區,永芳里內厝路153號,管理委員會制,7816349,陳立恭,道,募,寮012,
1044,財團法人高雄縣覺華禪寺,釋迦牟尼佛,大寮區,大寮里(路)581巷161號,財團法人制,7884613,李聰林,佛,募,寮025,
1045,朝鳳宮,周府千歲,大寮區,翁園里(路)162號,管理人制,7824983,陳添壽,道,募,寮021,
1046,武侯宮,武府千歲,大寮區,琉球里(路)64號,管理人制,7827168,蔡秋祥,道,募,寮020,
1047,月天寺,觀音佛祖,大寮區,翁園里(路)61號,管理委員會制,7816264,邱永昌,道,募,寮013,
1048,財團法人大寮赤崁福德爺廟,福德正神,大寮區,義仁里鳳林1路329巷29之1號,財團法人制,6418243,許明得,道,募,寮017,
1049,媽祖宮,天上聖母,大寮區,過溪里濃公路168號,管理委員會制,7876317,黃鳳全,道,募,寮033,
1050,龍雄宮,池府三千歲,大寮區,會社里鳳林3路382巷1號,管理委員會制,7820109,陳國津,道,募,寮003,
1051,菩提山極樂寺,釋迦牟尼佛,大寮區,三隆里(路)176號,管理人制,3362491 7831466,林再興(釋心立),佛,募,寮023,
1052,大發開封宮包公廟,馬國公,大寮區,大寮里開封街120號,管理委員會制,7880919,郭昭廷,道,募,寮016,
1053,大邑慈安宮,吳府千歲,大寮區,上寮里上寮路212號,管理人制,7883032,李耀洲,道,募,寮037,
1054,靈子殿,神農大帝,大寮區,昭明里(路)66號,管理委員會制,6424233,簡金生,道,募,寮032,
1055,三龍堂,溫府千歲,大寮區,大寮里大寮路779巷17號,管理委員會制,7171286,蔡松汶,道,募,寮027,
1056,寂光精舍,釋迦牟尼佛,大寮區,大寮路373巷46號,執事會制,7883657,許珍翡(釋自晏),佛,募,寮026,
1057,慈先宮,神農大帝,大寮區,昭明里鳳林1路128巷83-8號,管理委員會制,6412162,張簡久雄,道,募,寮014,
1058,聖母宮,天上聖母,大寮區,翁園里翁園路151-11號,管理委員會制,7819212 7832885,蘇旺啟,道,募,寮015,
1059,修源精舍,釋迦牟尼佛,大寮區,昭明里鳳林一路128巷82之1號,管理人制,6430871,吳松妹(釋慧定),佛,募,寮005,
1060,福德祠,福德正神,大寮區,前庄里(路)46之22號,管理委員會制,7835632,陳政信,道,募,寮008,
1061,高雄八德宮,王母娘娘,大寮區,鳳屏一路1巷20號,管理人制,7021529,莊原隆,道,募,寮040,
1062,慧光講堂,釋迦牟尼佛,大寮區,永芳路55號,執事會制,7462045,蘇信榮(釋會雄),佛,募,寮041,
1063,王母宮,王母娘娘,大寮區,義仁里鳳林1路135巷3之1號,管理人制,6460675,鐘何桂枝,道,募,,寮補036
1064,慈聖宮,開漳聖王,大寮區,中庄里博愛街116號,管理委員會制,7030588,方生興,道,募,,寮補010
1065,慈保宮,保生大帝,大寮區,永芳里(路)73號,管理委員會制,7491796,謝添堯,道,募,,寮補020
1066,大隆宮,神農大帝,大寮區,上寮里(路)4號,管理委員會制,7883207,簡巽明,道,募,,寮補021
1067,明山代天府,五府千歲,大寮區,內坑里(路)31號,管理委員會制,7881658,黃財福,道,募,,寮補016
1068,太子大鑾宮,中壇元帥,大寮區,永芳里(路)58號,管理委員會制,7815904,蔡賢郎,道,募,,寮補022
1069,高雄市大寮慈后宮,天上聖母,大寮區,三隆里正隆街42號,管理委員會制,7834259,李啟雄,道,募,,寮補043
1070,高雄市大寮區新厝里福德祠,福德正神,大寮區,新厝里新三街89之1號,管理委員會制,"8901258
0932-768-690",謝居瑞,道,募,,寮補032
1071,觀音精舍,觀世音,大寮區,山頂里(路)301之3號,管理人制,7816445,呂志明(釋海仁),佛,募,,寮補006
1072,覺心社化善堂,王天君,大寮區,翁園里(路)102-21號,管理人制,7810710,蔡正隆,道,募,,寮補008
1073,觀音寺,觀音菩薩,大寮區,義仁里鳳林1路29巷2之100號,管理委員會制,6418973,羅國林,道,募,,寮補013
1074,朱峰宮,朱府千歲,大寮區,琉球里(路)108之8號,管理人制,7814867,林秋長,道,募,,寮補030
1075,福海禪寺,觀世音菩薩,大寮區,內坑里(路)15之5號,管理人制,5516528,李平風,佛,募,,寮補034
1076,保生宮,保生大帝,大寮區,大寮里保生街107號,管理委員會制,7878495,洪永泉,道,募,,寮補027
1077,鳳世宮,觀音佛祖,大寮區,潮寮里潮發路102號,管理委員會制,7875057,邱榮豐,道,募,,寮補025
1078,保聖宮,保生大帝,大寮區,永芳里(路)68號,管理委員會制,7817476,趙素香,道,募,,寮補011
1079,靈霄寶殿,玉皇大帝,大寮區,後庄里成功路193號,管理委員會制,7319427,余明財,道,募,,寮補029
1080,財團法人天金堂,關聖帝君,大寮區,拷潭里(路)3之20號,財團法人制,8901285,陳玉堂,道,募,,寮補002
1081,高雄市大寮區前庄元帥廟,謝府千歲,大寮區,前庄里(路)39號,管理委員會制,7014771,陳政信,道,募,,寮補014
1082,慈誠宮,池府千歲,大寮區,上寮里(路)41號,管理委員會制,7884071,林耀輝,道,募,,寮補019
1083,拷潭里清山寺,觀音佛祖,大寮區,拷潭里126之1號,管理委員會制,7821949,王瑞榮,道,募,,寮補017
1084,翁園里北極殿,北極玄天上帝,大寮區,翁園里(路)224之1號,管理委員會制,7833339  7816315,蔡茂火,道,募,,寮補009
1085,飛封宮,開國仙帝,大寮區,琉球里巷尾路46號,管理委員會制,7831340,洪水性,道,募,,寮補007
1086,啟聖宮,瑤池金母,大寮區,新厝里新一街101號,管理人制,8911911,王良城,道,募,,寮補038
1087,蓮光寺,釋迦牟尼佛,大寮區,會社里鳳林3路161巷101之1號,管理人制,7816821,吳心瀠,佛,募,,寮補003
1088,萬應公廟,萬應公,大寮區,中庄里仁愛路279巷196之1號,管理人制,7020163,黃復回,道,募,,寮補041
1089,北極上帝殿,玄天上帝,大寮區,琉球里黃厝路35之10號,管理人制,7831038,李文貴,道,募,,寮補026
1090,悟心社從善堂,五府千歲,大寮區,過溪里和祥街302號,管理人制,7459145,陳世嬌,道,募,,寮補031
1091,南隆堂,池府千歲,大寮區,會社里鳳林3路247巷68號,管理委員會制,7837935,葉火炎,道,募,,寮補001
1092,玄宗道院,玉皇上帝,大寮區,溪寮里溪寮路78之50號,管理人制,6521849,嚴清,道,募,,寮補015
1093,高雄萬善堂,南鯤鯓萬善爺公,大寮區,會社里鳳林3路247巷25號,管理人制,7813606,詹毓筌,道,募,,寮補042
1094,大天宮,天上聖母,大寮區,中興里鳳林4路482之2號,管理人制,7823032,曾秀娥,道,募,,寮補005
1095,仁心德善堂,觀世音菩薩,大寮區,會結里(路)86之25號,管理委員會制,6450021,林群超,道,募,,寮補012
1096,南聖宮,觀音大士,大寮區,內坑里內坑路163號,管理人制,7920458,莊文福,道,募,,寮補018
1097,金山寺,觀音大士,大寮區,內坑里內坑路112之16號,管理人制,7813171,伍燕青,道,募,,寮補028
1098,大發慈惠堂,瑤池金母,大寮區,新厝里鳳林一路651號,管理人制,6427371,張簡文昇,道,募,,寮補035
1099,明山五龍宮,池府千歲,大寮區,會結路87之60號,管理委員會制,7882606 7818260,陳明耀,道,募,,寮補023
1100,道明社德善堂,周倉大將軍,大寮區,上寮里(路)76之2號,管理人制,7880705,林欽莊,道,募,,寮補040
1101,明山萬善爺廟,萬善爺,大寮區,內坑里內坑路31之1號,管理人制,7884043,黃啟昌,道,募,,寮補024
1102,聖湄宮,天上聖母,大寮區,會結里會結路87之9號,管理人制,7884047,陳志雄,道,募,,寮補004
1103,聖玄宮,天上聖母,大寮區,琉球里琉球路43之53號,管理人制,7864068,黃錦鎮,道,募,,寮補037
1104,壽山天后宮,天上聖母,大寮區,立隆街25號,管理委員會制,7634804,辛國明,道,募,,寮補033
1105,青雲宮,神農大帝,鳥松區,大華里山腳路2巷12之1號,管理委員會制,3707702,林永全,道,募,鳥004,
1106,雷音禪寺,三寶佛,鳥松區,仁美里仁德路7巷51號,管理人制,7314812,謝重男(釋達正),佛,募,鳥007,
1107,南天台紫雲寺,釋迦牟尼佛,鳥松區,鳥松里忠孝路52號,管理人制,7321380,洪鴻榮(釋果暉),佛,募,鳥005,
1108,觀音禪寺,觀世音菩薩,鳥松區,大竹里大竹路61號,執事會制,7315518,林嘉盛(釋心茂),佛,募,鳥014,
1109,元明禪寺,釋迦牟尼佛,鳥松區,仁美里民權路3號,管理人制,7316792,邱秀悅(釋慈文),佛,募,鳥013,
1110,高雄澄清湖八隆宮,池府千歲,鳥松區,鳥松里文前路138號,管理委員會制,3710570,吳正成,道,募,鳥009,
1111,澄清寺,釋迦牟尼佛,鳥松區,鳥松里文前路134號,執事會制,3717958,陳貝絲(釋宗道),佛,募,鳥015,
1112,小南海觀音寺,觀世音菩薩,鳥松區,仁美里仁愛路53號,管理人制,7316776,王公正,佛,募,鳥012,
1113,財團法人高雄市鳥松區福德宮,福德正神,鳥松區,大華里山腳路58號,財團法人制,3702411,林秋崑,道,募,鳥016,
1114,圓照寺,釋迦牟尼佛,鳥松區,坔埔里坔埔路4巷10號,執事會制,7319697,曾秀美(釋敬定),佛,募,鳥002,
1115,禪空寺,釋迦牟尼佛,鳥松區,鳥松里東山路橫一巷21號,管理人制,7319085,郭菊美(釋傳證),佛,募,鳥006,
1116,金剛寺,釋迦牟尼佛,鳥松區,大華里山腳路74之2號,管理人制,3702818,陳淑美(釋觀慧),佛,募,鳥010,
1117,林內大安宮,保生大帝,鳥松區,大華里山腳路222號,管理委員會制,3706230,劉登居,道,募,鳥003,
1118,灣峯寺,釋迦牟尼佛,鳥松區,夢裡里赤山湖3-1號,管理委員會制,3714062 3714269,王吉祥,佛,募,鳥011,
1119,保民宮,保生大帝,鳥松區,仁美里民權路1號,管理委員會制,7335857,吳東憫,道,募,鳥001,
1120,高雄慈惠堂,瑤池金母,鳥松區,大華里本館路44之7號,管理委員會制,3703090,雍蔡明女,道,募,鳥017,
1121,池王宮,池府千歲,鳥松區,大竹里大竹路30之4號,管理委員會制,7318902,張家榮,道,募,,鳥補012
1122,福龍宮,福德正神,鳥松區,鳥松里文前路34號,管理委員會制,7319350,蔡家興,道,募,,鳥補009
1123,財團法人琅環宮,神農大帝,鳥松區,夢裡里夢裡路29之1號,財團法人制,7311299,陳萬丁,道,募,,鳥補005
1124,南海紫竹寺,觀世音佛祖,鳥松區,仁美里學堂路121之4號,管理委員會制,7319563,蔡文恭,道,募,,鳥補011
1125,慈濟寺,觀世音菩薩,鳥松區,鳥松里大仁東路9號,管理人制,7318455,釋傳燈,佛,募,,鳥補008
1126,代天壇,五府千歲,鳥松區,仁美里仁美路25巷8號,管理人制,7319319,巫清居,道,募,,鳥補016
1127,財團法人玄光聖堂,明明上帝,鳥松區,鳥松里松埔北巷29之10號,財團法人制,7310395,周壽瑞,一貫道,募,,鳥補001
1128,北極殿,玄天上帝,鳥松區,坔埔里坔埔路2之22號,管理委員會制,7310260,謝顯能,道,募,,鳥補013
1129,天民聖堂,明明上帝,鳥松區,坔埔里松埔路77號,管理委員會制,7325655,王美莉,一貫道,募,,鳥補015
1130,醉仙亭,李鐵拐、大仙翁,鳥松區,坔埔里大同路25之31號,管理委員會制,7319177,黃秀返,道,募,,鳥補002
1131,旨靈宮,天上聖母,鳥松區,仁美里高碼3巷1號,管理人制,7326571,陳金樹,道,募,,鳥補003
1132,聖恩堂,北極玄天上帝,鳥松區,坔埔里松埔路41號,管理委員會制,7313726,陳朝進,道,募,,鳥補007
1133,正德佛堂,觀世音菩薩,鳥松區,大華里本館路44之8號,執事會制,3703456,黃國容(釋常律),佛,募,,鳥補006
1134,元宏寺,釋迦牟尼佛,鳥松區,坔埔里松埔路1之76號,執事會制,3812597,王尾(釋會禪),佛,募,,鳥補010
1135,高雄廣玄宮,北極真武老祖,鳥松區,仁美里水管路3之25號,管理人制,7326958,許淑嬌,道,募,,鳥補014
1136,三聖宮,中壇元帥,鳥松區,大竹里長春路2-8號,管理委員會制,7313439,張明泉,道,募,鳥008,
1137,池龍宮,池府千歲,鳥松區,仁美路36巷3號,管理委員會制,928323680,陳啓祥,道,募,鳥018,
1138,福清宮,清水祖師,仁武區,仁武里文化巷76號,管理委員會制,3721565,江瑞鴻,道,募,仁008,
1139,通法寺,釋迦牟尼佛,仁武區,仁武里鳳仁路216號,執事會制,3711878,釋煌智,佛,募,仁018,
1140,元帥府,謝府元帥,仁武區,文武里新元街100號,管理委員會制,3716601,吳茂坤,道,募,仁009,
1141,后太宮,中壇元帥,仁武區,後安里後庄巷98號,管理人制,3716025,沈吉叁,道,募,仁023,
1142,保安宮,太子爺,仁武區,竹後里竹門巷50號,管理委員會制,3713264,黃明寮,道,募,仁003,
1143,上帝宮,玄天上帝,仁武區,八卦里信義巷1號,管理人制,3720632,謝德億,道,募,仁020,
1144,武聖廟,文衡聖帝,仁武區,大灣里仁雄路134號,管理委員會制,3747920,楊進元,道,募,仁002,
1145,灣內慈惠堂,王母娘娘,仁武區,灣內里赤南巷66號,管理委員會制,3719258,楊光鎮,道,募,仁017,
1146,清水宮,清水祖師,仁武區,赤山里赤東二街2-1號,管理人制,3727510,林志晟,道,募,仁001,
1147,高雄市仁武區灣內代天府,五府千歲,仁武區,灣內里仁心路15號,管理委員會制,3713260,鄭元朋,道,募,仁015,
1148,天后宮,天上聖母,仁武區,考潭里成功路40號,管理委員會制,3724991,吳政服,道,募,仁021,
1149,仁心寺,觀世音菩薩,仁武區,考潭里仁心路250號,管理人制,3714968,吳政服,道,募,仁022,
1150,烏林北極殿,玄天上帝,仁武區,烏林里林森巷35-1號,管理委員會制,3711375,何峰銘,道,募,仁013,
1151,財團法人養修堂,觀音菩薩,仁武區,烏林里仁林路262號,財團法人制,3718657,吳雨文,佛,募,仁014,
1152,靈山清淨寺,觀音菩薩,仁武區,烏林里仁林路286號,管理委員會制,3715954,何清心,佛,募,仁005,
1153,天波府七顯寶寺,楊府太師,仁武區,竹後里竹門巷105號,管理委員會制,3718758,方吉雄,道,募,仁011,
1154,弘願寺,阿彌陀佛,仁武區,澄新街98號,執事會(住持)制,7332368,劉通棋,佛,募,仁010,
1155,千佛山本願寺,觀音菩薩,仁武區,澄合街89號,執事會(住持)制,3591593 3720999,莊妙芳(釋若航),佛,募,仁016,
1156,法雨寺,觀音菩薩,仁武區,灣內里名湖街367號,執事會(住持)制,3720857,郭建男(釋智瀚),佛,募,仁004,
1157,玉旨高雄海國宮,吳府千歲,仁武區,澄仁東街338號,管理委員會制,3720857,李明順,道,募,仁006,
1158,仁武北極宮,北極玄天上帝,仁武區,文武里文化巷14號,管理人制,3711789,沈柏翰,道,募,,仁補020
1159,天后宮,天上聖母,仁武區,後安里安樂2街35之9號,管理人制,3712559,方家平,道,募,,仁補018
1160,南海堂,蓮花菩薩,仁武區,中華里華北街16號,管理人制,3519259,蔡文,道,募,,
1161,善德宮,清水祖師,仁武區,五和里和平巷25號,管理人制,3721275,許有長,道,募,,仁補002
1162,霞海城隍廟,霞海城隍,仁武區,高楠里高楠5街2號,管理人制,3125449,謝吉雄,道,募,,仁補022
1163,月女堂,月姑娘娘,仁武區,灣內里灣內四巷1號,管理人制,3717674,陳世峰,道,募,,仁補003
1164,西安堂,出軍公元帥,仁武區,烏林里仁林路153-3號,管理人制,3712339,林安心,道,募,,仁補019
1165,樊山寺,觀世音菩薩,仁武區,仁福里橫山2巷13之5號,管理人制,3714377 7471848,洪奕杉,佛,募,,仁補021
1166,古嚴寺,釋迦牟尼佛,仁武區,仁福里公館1巷34號,管理人(住持)制,3713913,王俊雄(釋慧度),佛,募,,仁補012
1167,福德宮,福德正神,仁武區,觀音湖段1317、1223地號(通訊地：因廟方無法申請門牌，故請區公所轉交),管理人制,3722334,吳富緯,道,募,,仁補016
1168,法光寺,西方三聖,仁武區,仁福里公館2巷20號,管理人(住持)制,3711374,劉仙霞,佛,募,,仁補008
1169,龍華修齊堂,濟公佛祖,仁武區,仁福里橫山三巷30號,管理委員會制,3712523,楊國盛,道,募,,仁補007
1170,仁心城隍廟,城隍尊神,仁武區,考潭里仁心路249巷39-1號,管理委員會制,3712881,盧基發,道,募,仁019,
1171,觀音湖福德殿,福德正神,仁武區,觀音湖段1063地號(暫時通訊地：仁武區文武里中正路281號)(廟方暫不申請門牌),管理人制,3711148,陳平山,道,募,,仁補010
1172,土地元帥宮,土地元帥,仁武區,烏林段725地號(通訊地址烏林里仁林路226號),管理人制,3714517,陳明發,道,募,,仁補023
1173,天和禪院,釋迦牟尼佛,仁武區,烏林里林森巷110號,管理人制,3720412,陳伸哲,佛,募,,仁補009
1174,仁武天公廟,玉皇大帝,仁武區,高楠里後港巷145號之2,管理委員會制,3599660,蔡富成,道,募,,仁補001
1175,菩提院,釋迦牟尼佛,仁武區,考潭里仁心路199巷51之1號,管理人制,3721170,陳青蘭(釋覺照),佛,募,,仁補005
1176,五龍代天府,五府千歲,仁武區,烏林里南昌巷235之7號,管理委員會制,3712565,陳國華,道,募,,仁補017
1177,緣宗禪寺,釋迦牟尼佛,仁武區,仁福里公館3巷1之1號,管理人(住持)制,3729065,許秀香,佛,募,,仁補013
1178,觀音湖觀水宮,觀音大士,仁武區,仁福里仁安3巷十號,管理委員會制,3741748,賴福智,道,募,,仁補011
1179,高白玉聖殿,張毓大帝,仁武區,八卦里大同1街118號,管理人制,3729344,謝天慶,道,募,,仁補015
1180,玉清宮,三清道祖,仁武區,仁慈里澄新11街3號,管理委員會制,7326377,陳福財,道,募,,仁補006
1181,無極天聖宮,李府千歲,仁武區,仁福里公館2巷100號,管理人制, 3713268,陳水上,道,募,,仁補014
1182,觀音堂,觀音佛祖,仁武區,考潭里鳳仁路4之68號,管理人制,3869965,鄭佐武,儒,募,,仁補004
1183,五龍山靈聖堂,濟公活佛,大樹區,井腳路111之37號,管理人制,6527546,王張桃煌,道,募,,樹補036
1184,鼎金北極殿,玄天上帝,仁武區,仁雄路533號,管理人制,3749675,黃宗輝,道,募,仁007,
1185,淨觀寺,南海觀世音菩薩,仁武區,仁林路280巷38弄88-1號,執事會(住持)制,3718207,釋傳觀(邱侯月桃),佛,募,仁012,
1186,高雄彰德寺,釋迦牟尼佛,仁武區,義大二路1326巷29號,管理委員會制,3723345,林昱良,佛,募,仁024,
1187,收圓甲仙廣玄宮,北極真武老祖,甲仙區,大田里新興路67巷18之12號,執事會制,6752488,黃再通,道,募,甲003,
1188,嘉應分宮池王府,池府千歲,小港區,新昌街7號,管理委員會制,7911286,陳人弘,道,募,小014,
1189,聖和宮,吳府千歲,小港區,高坪20街25巷27弄9號,管理委員會制,6422535,楊文彥,道,募,小019,
1190,高雄市大坪頂正成宮,遊巡七府大王,小港區,高坪38街32號,管理委員會制,8911307,陳龍興,道,募,小013,
1191,財團法人南郡慈惠堂,無極瑤池大聖西王金母大天尊,小港區,松樂街192號,財團法人制,8913011,曾天仁,道,募,小008,
1192,真君宮,保生大帝,小港區,孔宅街78號,管理委員會制,7912183,張金水,道,募,小011,
1193,鳳林觀音寺,釋迦牟尼佛,小港區,鳳北路329號,管理人(住持)制,8712035,釋天嶽,佛,募,小009,
1194,鳳林宮,溫府千歲,小港區,鳳林路160號,管理委員會制,8712925,張永城,道,募,小003,
1195,龍鳳宮,天上聖母,小港區,岐山一路30之7號,管理委員會制,8713643,黃文裕,道,募,小025,
1196,鳳鳴宮,天上聖母,小港區,丹山三路83號,管理委員會制,8714171,黃明同,道,募,小005,
1197,神農殿,神農大帝,小港區,永和街41號,管理委員會制,8911051,黃天珍,道,募,小023,
1198,鳳福宮,方府千歲,小港區,鳳福路2號,管理委員會制,8022671,林育正,道,募,小022,
1199,太祖宮,趙府萬歲,小港區,民益路64巷24弄1之2號,管理人(住持)制,8030674,張勝俊,道,募,小021,
1200,至陽宮,太陽星君,小港區,民益路73巷2號,管理委員會制,8018836,陳壽山,道,募,小004,
1201,鳳儀宮,溫府千歲,小港區,漢民路188巷32號,管理委員會制,8016784,余啟芳-代理,道,募,小001,
1202,白光山寺,觀世音菩薩,小港區,達德街95號,管理人(住持)制,8118172,楊民三,佛,募,小024,
1203,財團法人小港龍湖廟,大士爺,小港區,平正街55號,財團法人制,8122579,吳文德,道,募,小020,
1204,萬德禪寺,釋迦牟尼佛,小港區,漢威街141號,管理人(住持)制,8417457,釋傳智,佛,募,小018,
1205,福德祠,福德正神,小港區,小港路142巷2弄5號,管理人(住持)制,8023508,歐徐錦秀,道,募,小006,
1206,朝鳳寺,觀音佛祖,小港區,朝鳳街28號,管理委員會制,8714254,黃耀斌,道,募,小015,
1207,鳳騰宮,"武德尊侯
(梁祖松岡公)",小港區,高坪17街186號,管理委員會制,8911165,梁春夏,道,募,小002,
1208,至善堂,北極玄天上帝,小港區,平正街55號,管理人(住持)制,8414886,李文賢,道,募,小026,
1209,武鳳宮,關聖帝君,小港區,丹山三路7號,管理人(住持)制,8714431,黃照明,道,募,小017,
1210,寶靈宮,何府千歲,小港區,丹山一路37之1號,管理委員會制,8717837,黃輝琳,道,募,小027,
1211,慈龍寺,董公真仙,小港區,中安路233之10號,管理人(住持)制,7914980,卓朋輝,道,募,,小補007
1212,高雄市小港區南天宮,天上聖母,小港區,桂陽路175巷6弄44之1號,管理委員會制,7910631,吳金城,道,募,,小補008
1213,明興宮,中壇元帥,小港區,永順街212號,管理委員會制,8013095,吳文成,道,募,,小補006
1214,忠孝堂,武德尊侯、古府千歲、吳府千歲,小港區,大房路25號,管理委員會制,8024135,梁明朝,道,募,,小補005
1215,天台山紫竹寺世月宮,觀世音菩薩,小港區,高松路2之30號,管理人(住持)制,8911464,陳丁圍,道,募,,小補003
1216,大坪頂代天府,吳府千歲,小港區,新厝路18之1號,管理人(住持)制,8911448,謝清忠,道,募,,小補002
1217,慈德宮,明明上帝,小港區,孔鳳路293巷80之3號,管理人(住持)制,7912916,李永川,一貫道,募,,小補004
1218,九龍寺,觀音佛祖,小港區,高坪23路730號,管理人(住持)制,8911333,釋天文,佛,募,小016,
1219,龍鳳殿,神農大帝,小港區,朝德街131號,管理委員會制,8712357,黃志善,道,募,小007,
1220,高雄中寮天后宮,天上聖母,小港區,平正街80號,管理委員會制,8132109,郭榮和,道,募,小010,
1221,高雄市小港區天后宮,天上聖母,小港區,新昌街11之8號2樓,管理委員會制,"7911887
7933339",簡輝煌,道,募,,小補001
1222,九華山本願寺,釋迦牟尼佛,小港區,松文街6號,管理人(住持)制,8016172,曾金滿(釋寬融),佛,募,小012,
1223,慈母堂,西王金母,美濃區,中壇里忠孝路1段23巷36-1號,管理人(住持)制,6816658,劉世裕,道,募,,美補013
1224,無極天元佛母宮,觀世音菩薩,美濃區,福安里福安街四一巷十號之一,管理人(住持)制,6810118,黃美金,道,募,,
1225,覺玄寺,觀世音菩薩,美濃區,圓山街三十之六號,管理人(住持)制,6811668,黃鳳儀(釋心旻),佛,募,,美補010
1226,美濃佛教蓮社,千手千眼觀世音菩薩,美濃區,福美路一○○號,管理人(住持)制,6822616,陳傅清梅,佛,募,,美補017
1227,三聖宮,三山國王,美濃區,獅山里獅山街七三之十號,管理人(住持)制,6851550,劉捷逢,道,募,,美補023
1228,慈惠鳳凰宮,瑤池金母,美濃區,中圳里圓山街十四號,管理人(住持)制,6818177,林月美,道,募,,美補006
1229,南天太子宮,關聖帝君,美濃區,廣林里廣九街一九五巷三八號,管理人(住持)制,6815053,劉成滄,道,募,,美補018
1230,至上道院,觀世音菩薩,美濃區,福安里福美路五八二巷六號,管理人制,6817876,黃文貞,道,募,,美補025
1231,朝明宮,王母娘娘,美濃區,福安里福義街二十之三號,管理人(住持)制,6811717,許素瑟,道,募,,美補012
1232,息塵寺,釋迦牟尼佛,美濃區,茶頂街一七之六號,管理人(住持)制,6851409,蘇禎祥(釋海平),佛,募,,美補003
1233,龍肚慈靈宮,南海觀世音菩薩,美濃區,獅山里獅山街五四之一號,管理人制,6852219,林素鑾,道,募,,美補022
1234,王爺廟,三山國王,美濃區,中壇里中興路一段五八七號,管理委員會制,6818542,吳朝生,道,募,,美補005
1235,玉龍宮,西王金母,美濃區,龍肚里柳樹塘二之一號,管理人(住持)制,6850475,黃戀瑛,道,募,,美補021
1236,三道太子宮,中壇元帥,美濃區,獅山里龜山街太子巷十號,管理人(住持)制,6852879,高繹蓉,道,募,,美補026
1237,蓮花山彌陀寺,釋迦牟尼佛,美濃區,合和里泰和路七之五號,管理人(住持)制,6850960,林益謙(釋慧律),佛,募,,美補001
1238,慈仙佛堂,彌勒佛,美濃區,祿興里新興街二六巷一○五號,管理委員會制,3316351,傅林千媛,一貫道,募,,美補019
1239,蜜鉢蘭若,釋迦牟尼佛,美濃區,圓山街五六號,管理人(住持)制,6821057,許正孟(釋悟明),佛,募,,美補014
1240,大同聖堂,明明上帝,美濃區,廣德里民族路五四之八號,管理委員會制,6820318,童秀美,一貫道,募,,美補011
1241,一心寺,王寶佛,美濃區,龍肚里茶頂街一六之六號,管理人(住持)制,6851321,丁愛婷(暫代),佛,募,,
1242,聖天宮,張公聖君,美濃區,德興里中正路二段四三一巷一之三號,管理人(住持)制,6817311,謝連福,道,募,,美補024
1243,無為堂,觀音菩薩,美濃區,獅山里竹門一七號,管理人(住持)制,6851705,楊再坤,佛,募,,美補004
1244,獅山天后宮,天上聖母,美濃區,獅山里龜山街四一號,管理人(住持)制,6852783,陳金倉,道,募,,美補015
1245,慈惠指南宮,准提佛母,美濃區,廣林里雙溪一一六號,管理人(住持)制,6816710,林月美,道,募,,美補007
1246,慈靈宮,天上聖母,美濃區,吉東里吉山街一二號,管理委員會制,6833327,陳豐吉,道,募,,美補027
1247,文昌宮,文昌帝君,美濃區,龍肚段4248地號(暫時通訊地：美濃區中華路36號),管理人制,6852546,李進貴,道,募,,美補020
1248,水德福神壇,水德星君,美濃區,吉洋里吉安街四八號,管理人(住持)制,6833731,陳福祥,道,募,,美補016
1250,救世宮,濟公菩薩,美濃區,吉東里六寮一一號,管理人制,6813806,劉添發,道,募,,美補028
1251,南清宮,朱府千歲,美濃區,吉洋里外六寮五○號,管理委員會制,6832623,許景復,道,募,,美補002
1252,一本書道院,三清道祖,美濃區,龍蘭街17號,管理人(住持)制,6850981,陳建達,道,募,美017,
1253,紫雲宮,觀音菩薩,美濃區,清水里忠孝路二段三之六號,管理委員會制,6830063,賴丁祥,佛,募,美025,
1254,開源寺,三寶佛,美濃區,德興里上興街三四巷一七號,管理人(住持)制,6813901,劉清洪,佛,募,美026,
1255,永明寺,阿彌陀佛,美濃區,吉東里中正路三段五九五號,管理人(住持)制,6832931,釋淨燦,佛,募,美006,
1256,崇雲宮,觀音佛祖,美濃區,中壇里中興路一段七九三號,管理人(住持)制,6815153,劉義松,佛,募,美010,
1257,朝元寺,釋迦牟尼佛,美濃區,廣林里朝元九○號,管理人(住持)制,6912229,曾美英(釋融誠),佛,募,美030,
1258,聖化宮,關聖帝君,美濃區,廣林里廣福街一五三號,管理人(住持)制,6813646,傅正助,佛,募,美008,
1259,慈聖宮,天上聖母,美濃區,廣德里廣興街一號,管理委員會制,6816311,黃富雄,道,募,美021,
1260,千佛山福慧寺,觀音菩薩,美濃區,興隆里興隆三街一五○巷二六號,執事會制,6812764,戴錦己(釋若勍),佛,募,美003,
1261,三山國王宮,三山國王,美濃區,興隆里興隆三街二之一號,管理委員會制,6812446,黃沛文,道,募,美024,
1262,善化堂,關雲長,美濃區,興隆里興隆三街170號,管理人(住持)制,6813424,鍾德華,道,募,美037,
1263,南山宮,玄天上帝,美濃區,龍山里龍山街三七號,管理委員會制,6852137,江震昌,道,募,美023,
1264,清水宮,清水祖師,美濃區,龍山里文化街六巷二○號,管理人(住持)制,6851247,鍾英勝,道,募,美013,
1265,代天水德宮,水德聖君,美濃區,獅山里竹門路25號,管理委員會制,6851887,涂永安,道,募,美036,
1266,朝天五穀宮,五穀神農大帝,美濃區,獅山里龜山一八號,管理委員會制,6851654,曾永松,道,募,美004,
1267,聖母宮,媽祖,美濃區,龍肚里柳樹塘八之一號,管理人(住持)制,6852357,蕭喜東,道,募,,
1268,清泉寺,觀音佛祖,美濃區,龍肚里茶頂街四號,管理人(住持)制,6850959,釋傳嚴(陳志彗),佛,募,美019,
1269,天雲宮,觀世音菩薩,美濃區,龍肚里茶頂街二號,管理人(住持)制,6851777,朱發生,佛,募,美032,
1270,廣化廟,釋迦牟尼佛,美濃區,龍肚里龍蘭街六號,管理人(住持)制,6851024,邱秀文,佛,募,美027,
1271,北極宮,玄天上帝,美濃區,吉東里上九寮四之二號,管理人(住持)制,6833129,陳榮興,道,募,美016,
1272,輔天五穀宮,神農大帝,美濃區,中壇里五穀街三二號,管理委員會制,6833974,張金發,道,募,美001,
1273,靈雲寺,三寶佛,美濃區,德興里永華街六○號,管理人(住持)制,6815247,劉寶蓮(釋宗惟),佛,募,美018,
1274,德興宮,觀世音菩薩,美濃區,德興里永華街77-5號,管理人(住持)制,6815769,楊金雄,佛,募,美034,
1275,善誘堂,關聖帝君,美濃區,祿興里石橋六號,管理委員會制,6852224,林榮清,道,募,美011,
1276,清泉堂,觀音菩薩,美濃區,福安里福美路六二○巷一○號,管理人(住持)制,6815848,陳淑汾,佛,募,美022,
1277,雷音寺,釋迦牟尼佛,美濃區,福安里福美路四九六巷二六號,管理人(住持)制,6812224,鍾玉梅(釋宗一),佛,募,美009,
1278,福安天后宮,天上聖母,美濃區,福安里福安街二一號,管理人(住持)制,6811366,李德明,道,募,美002,
1279,聖君廟,張公聖君,美濃區,合和里成功路三八○巷二十一號,管理人(住持)制,6813867,宋松耀,道,募,美015,
1280,紫林宮,觀音佛祖,美濃區,合和里中正路一段一六七巷一二號,管理人(住持)制,6816787,曾文忠,佛,募,美029,
1281,福德祠,福德正神,美濃區,合和里中正路一段一六七巷一號,管理人(住持)制,6812722,邱添潤,道,募,美033,
1282,天后宮,天上聖母,美濃區,瀰濃里永安路二六九巷一號,管理委員制,6812324,吳麟德,道,募,美014,
1283,紫林寺,觀世音菩薩,美濃區,瀰濃里福美路二○八號,管理人(住持)制,6815870,楊德妹,佛,募,美028,
1284,廣善堂,玉皇大帝,美濃區,瀰濃里福美路二八一號,管理人(住持)制,6812124,劉棋杰,佛,募,美007,
1285,淨慈院,觀世音菩薩,美濃區,泰安里泰安路一七六號,管理人(住持)制,6812001,曾美英(釋融誠),佛,募,美031,
1286,劉公聖君宮,劉公聖君,美濃區,東門里永安路一九巷三七號,管理委員會制,6816602,鍾東鳳,道,募,美012,
1287,觀音廟,觀音佛祖,美濃區,中圳里圓山街四七號,管理人(住持)制,6813814,簡素貞,佛,募,美035,
1288,崇光寺,三寶佛,美濃區,中圳里圓山街四九號,管理人(住持)制,6812690,傅子英(釋智融),佛,募,美020,
1289,西竹堂,觀音菩薩,美濃區,中圳里圓山街四八號,管理人(住持)制,6815043,劉瑞光,佛,募,美005,
1290,龍鳳寺,觀音佛祖,旗山區,圓富里華山一巷1-6號,管理人制,,蕭志揚,佛,募,旗024,
1291,宣化堂,關帝爺,旗山區,中正里廟前街28號,管理委員會制,6693426,謝錦盛,道,募,旗028,
1292,萬應公廟陳府元帥,陳府元帥,旗山區,永和里民權一街29號,管理委員會制,6611328,何柑惠,道,募,旗005,
1293,福玄堂,張公聖君,旗山區,大林里溝坪路一○○巷一號,管理人(住持)制,6813867,余明岩,道,募,,旗補010
1294,法雲寺,釋迦牟尼佛,旗山區,南勝里龍文巷四八號,管理人(住持)制,6651002,邱秀悅(釋慈文),佛,募,,旗補006
1295,天照寺,釋迦牟尼佛,旗山區,成功四街九號,執事會制,6622268,傅秋蘭(釋天照),佛,募,,旗補004
1296,了塵精舍,釋迦牟尼佛,旗山區,東平里竹寮巷七之一號,管理人(住持)制,6624329,林永福(釋福融),佛,募,,旗補040
1297,天元精舍道院,道濟仙師,旗山區,南勝里旗南三路二四三之六號,管理委員會制,6651137,甘文彬,道,募,,旗補016
1298,龍文清水壇,清水祖師,旗山區,南勝里旗南三路一九四之一六號,管理人(住持)制,6151290,呂宗道,道,募,,旗補031
1299,溪洲鳳山寺,觀音佛祖,旗山區,中洲里中南街四七之五號,管理人(住持)制,6665245,郭正雄,道,募,,旗補038
1300,南勝聖母宮,天上聖母,旗山區,南勝里得勝巷一之二號,管理委員會制,6661429,蔡宗桓,儒,募,,旗補017
1301,無極聖母宮,聖母娘娘,旗山區,東平里東圳巷一七弄一三號,管理人制,6615223,莊明正,道,募,,旗補041
1302,法華禪寺,釋迦牟尼佛,旗山區,華山一巷二五號,執事會制,6692886,蔡生德(釋如定),佛,募,,旗補011
1303,吉祥寺,釋迦牟尼佛,旗山區,南勝里龍文巷49號,執事會制,6651700,釋道誠,佛,募,,旗補035
1304,玉京承天府,三官大帝,旗山區,南勝里得勝巷十八號,管理人(住持)制,6661978,梁振強,道,募,,旗補008
1305,代天府,五府千歲,旗山區,三協里旗亭巷三之一號,管理委員會制,6616714,林薛素雲,道,募,,旗補019
1306,修一堂,周倉爺,旗山區,南勝里旗南三路二四五號,管理委員會制,6651982,陳乃川,道,募,,旗補025
1307,順興宮,三府千歲,旗山區,永和里延平一路一八七號,管理人(住持)制,6621934,曾滿榮,道,募,,旗補037
1308,旗峰寺,觀世音菩薩,旗山區,中洲里中南街六○之五號,管理委員會制,6664117,林加淨,道,募,,旗補029
1309,財團法人一貫道天華寶宮,觀音菩薩,旗山區,南勝里13鄰尚和街6之8號,財團法人制,6664742,唐和勇,一貫道,募,,旗補005
1310,新光大雄山燃燈寺,然燈佛,旗山區,新光里新南巷19號,管理人(住持)制,6665756,楊淑玫(釋心仁),佛,募,,旗補018
1311,旗山聖后宮,天上聖母,旗山區,永和里六張犁巷39號邊,管理委員會制,6623123,張枝全,道,募,,旗補009
1312,口隘白龍庵,五福大帝,旗山區,圓富里泰山七巷,管理人制,6691701,陳長池,道,募,,旗補042
1313,圓富福德祠,福德正神,旗山區,圓富里華山一巷(暫時通訊地：旗山區旗甲路三段10號)(廟方無法申請門牌),管理人制,6692491,郭育正,道,募,,旗補036
1314,聖中宮,天上聖母,旗山區,三協里仁山巷一號,管理人(住持)制,6617196,鄭俊卿,道,募,,旗補015
1315,崇華道院,明明上帝,旗山區,華川路六十一號,管理委員會制,6663966,杜有進,一貫道,募,,旗補034
1316,溪洲隴江宮,玄天上帝,旗山區,南洲里民裕巷17號,管理人制,6661846,龔天進,道,募,,旗補020
1317,旗美龍德堂,觀世音菩薩,旗山區,東平里北山巷二十七之一號,管理人(住持)制,6614256,郭明順,佛,募,,旗補027
1318,旗山神農宮,神農大帝,旗山區,永和里旗文路一二三之二號,管理人(住持)制,6621031,郭梁神庇,道,募,,旗補022
1319,元帥宮,三仙元師,旗山區,東平里竹寮巷一四之一號,管理人(住持)制,6621301,楊茂璋,道,募,,旗補007
1320,旗尾山朝天宮,天上聖母,旗山區,東平里竹寮巷七號,管理委員會制,6615265,湯文典,道,募,,旗補013
1321,旗山天山寺,三寶佛祖,旗山區,永和里旗文路一四三號,管理人(住持)制,6621033,王慰誠,道,募,,旗補001
1322,佛蓮山玉善宮,王母娘娘,旗山區,南勝里尚和巷(暫時通訊地：鳳山區福安二街94號),管理人(住持)制,6665023,陳麗華,道,募,,旗補026
1323,彌勒山合天大道院,彌勒佛,旗山區,南勝里尚和巷一○號,管理委員會制,6663961,曾文皇,道,募,,旗補003
1324,白龍庵,五福大帝,旗山區,太平里德義街一四巷四三之一號,管理人(住持)制,6613610,林耀鵬,道,募,,旗補024
1325,鼓山坑福德祠,福德正神,旗山區,旗山段614之1地號(暫時通訊地：旗山區永福街55巷30號),管理人(住持)制,6624558,林瓊瑜,道,募,,旗補032
1326,南勝真天宮,玉皇上帝,旗山區,南勝里得勝巷四九之五號,管理人(住持)制,6661000,翁昌丕,道,募,,旗補039
1327,廣福廣清宮,天上聖母,旗山區,廣福里旗屏二路六五號,管理委員會制,6622513,連福來,道,募,,旗補014
1328,溪洲天木宮,杜府千歲,旗山區,南洲里義竹巷二號,管理人制,6661000,陳松森,道,募,,旗補030
1329,大山祖師廟,清水祖師,旗山區,大山里中寮一路二四之一號,管理人(住持)制,6661773,黃己未,道,募,,旗補028
1330,大洲龍鳳山清水寺,清水祖師,旗山區,大山里旗南二路三八號,管理委員會制,6663926,曾吉山,道,募,,旗補021
1331,大林泰山宮,康府元帥,旗山區,大林里溝坪路五八巷一號,管理委員會制,6692229,穆發輝(暫代),道,募,,旗補033
1332,大林天后宮,天上聖母,旗山區,大林里大林街22號,管理人(住持)制,6691869,陳鄭瑞金,道,募,,旗補012
1333,七星宮,玄天上帝,旗山區,瑞吉里中正路五二五巷八八號,管理委員會制,6614600,吳炳烈,道,募,,旗補023
1334,李安宮,李府千歲,旗山區,大德里復新東街二九號,管理委員會制,6618144,王正興,道,募,,旗補002
1335,玉明寺,觀世音菩薩,旗山區,六張犁巷13-1號,管理人(住持)制,6622070,黃吳水菊(釋會願),佛,募,旗007,
1336,福德祠,福德正神,旗山區,大德里中山路五八巷一○號,管理人制,6623123,葉冠億,道,募,旗041,
1337,天后宮,天上聖母,旗山區,湄洲里永福街二三巷一六號,管理委員會制,6612037,葉冠億,道,募,旗015,
1338,太平寺,南無阿彌陀佛,旗山區,湄洲里中正路九十三巷一號,管理人(住持)制,6627263,葉玉玲(釋慧芸),佛,募,旗030,
1339,圓潭慈雲寺,觀音佛祖,旗山區,圓富里旗甲路二段二五六巷四號,管理人(住持)制,6692053,歐忠更,佛,募,旗002,
1340,五龍殿,五福大帝,旗山區,和平里義德街三十五巷三號,管理人(住持)制,6614807,林振發,道,募,旗027,
1341,忠義堂,忠義聖君,旗山區,上洲里中洲路(暫時通訊地：旗山區中洲路2-13號),管理人(住持)制,6662166,陳三寶,道,募,旗032,
1342,地皇宮,地藏王菩薩,旗山區,上洲里銀店街四號,管理委員會制,,柯瑞豐,道,募,旗040,
1343,五帝廟,五福大帝,旗山區,三協里三桃巷七號,管理委員會制,6613325,鍾宗宏,道,募,旗022,
1344,興南宮,孚佑帝君,旗山區,湄洲里永福街五五巷二一號,管理委員會制,6613165,林順揚,道,募,旗013,
1345,白鶴寺,觀音佛祖,旗山區,太平里義德街十四巷五一號,管理人(住持)制,6612389,陳營騰,佛,募,旗021,
1346,旗山文武廟,文衡聖帝,旗山區,瑞吉里延平一路四六八巷二四號,管理委員會制,6612983,尤双全,道,募,旗012,
1347,三合北極殿,北極玄天上帝,旗山區,南勝里尚和巷八號,管理委員會制,6663464,施民政,道,募,旗003,
1348,北辰宮,北極玄天上帝,旗山區,南勝里旗南三路一六三之一號,管理委員會制,6662003,陳海砂,道,募,旗018,
1349,碧雲寺,觀世音菩薩,旗山區,南勝里旗南三路二四○號,管理委員會制,6651061,莊銀全,道,募,旗026,
1350,清雲寺,如來佛祖,旗山區,太平里樂和街四二之一號,管理人(住持)制,6618200,陳奮闊,佛,募,旗004,
1351,五龍山鳳山寺,觀音佛祖,旗山區,東昌里南寮巷三七號,管理委員會制,6621768,蘇芳楠,佛,募,旗001,
1352,旗美褒忠義民廟,褒忠義民爺,旗山區,東平里義民巷二三號,管理委員會制,6613258,劉文海,道,募,旗020,
1353,妙蓮寺,道濟古佛,旗山區,東平里竹寮巷三四號,管理人(住持)制,6615038,曾煌明,佛,募,旗029,
1354,代天后宮,天上聖母,旗山區,東平里興中路一三七巷五號,管理委員會制,6615143,石德喜,道,募,旗010,
1355,昊天宮,玄天上帝,旗山區,中寮里中寮二路四七號,管理人(住持)制,6663370,林文洲,道,募,旗037,
1356,三龍寺,三官大帝、三坪祖師,旗山區,新光里旗南三路三五號,管理委員會制,6664576,陳榮德,佛,募,旗008,
1357,石岩寺,觀音佛祖,旗山區,南洲里石岩巷一號,管理委員會制,6662797,林清標,道,募,旗014,
1358,溪洲清德堂,五福大帝,旗山區,中洲里三民巷一六號,管理人(住持)制,6664109,柯忠勝,道,募,旗043,
1359,雙龍寺,董公真仙,旗山區,中洲里三民巷一六號,管理委員會制,6661009,郭文明,道,募,旗017,
1360,溪洲朝天宮,天上聖母,旗山區,鯤洲里福壽街二五號,管理人制,6662485,方正生,道,募,旗025,
1361,鯤洲宮,五府千歲、北極玄天上帝,旗山區,上洲里中洲路八四號,管理委員會制,6662847,柯正派,道,募,旗023,
1362,旗山區圓潭保安宮,保生大帝,旗山區,中正里旗甲路三段一七七巷一號,管理委員會制,6692731,卓連成,道,募,旗039,
1363,龍雲寺,觀世音菩薩,旗山區,三協里三桃巷九號,管理人(住持)制,6612482,鈴木絹枝,佛,募,旗033,
1364,三農宮,神農大帝,旗山區,三協里旗南一路二二四號,管理人(住持)制,6615707,張文進,道,募,旗036,
1365,北清宮,北極玄天上帝,旗山區,三協里三和巷四○之一號,管理委員會制,6616813,楊榮欽,道,募,旗031,
1366,紫雲堂,鄭成功,旗山區,永和里旗文路二八四號,管理委員會制,6691871,黃庚貴,道,募,旗038,
1367,旗山朝天宮,天上聖母,旗山區,永和里旗文路二○四號,管理委員會制,6613209,林傳宗,道,募,旗019,
1368,旗山鳳山寺,觀世音菩薩,旗山區,瑞吉里民權三街一號,管理人(住持)制,6612971,杜福成,佛,募,旗011,
1369,竹峰寺,觀音佛祖,旗山區,竹峰里文中路五四巷四○號,管理人(住持)制,6612223,范仲斌,佛,募,旗035,
1370,旗山三山國王廟,三山國王,旗山區,義德街三一巷二三號,管理委員會制,6618396,賴朝進,道,募,旗034,
1371,旗山代天府,五府千歲,旗山區,和平里義德街二五之二號,管理人(住持)制,6621391,謝憲文,道,募,旗009,
1372,福德祠,福德正神,旗山區,鯤洲里福壽街一二號,管理人(住持)制,6664109,柯正派,道,募,旗042,
1373,靈山寺,三寶佛濟公菩薩,旗山區,太平里德義街一四巷一七之一號,管理人(住持)制,6612715,陳志彗(釋傳嚴),佛,募,旗016,
1374,森安宮,都城隍,旗山區,太平里德義街一一號,管理委員會制,6612440,郭信東,道,募,旗006,
1375,佛聖山普賢王寺,釋迦牟尼佛,旗山區,花旗路56號,管理人(住持)制,0910-814248,謝加藤,佛,募,旗044,
1376,旗后臨水宮,順天聖母,旗津區,通山路107號,管理委員會制,5710915,黃添平,道,募,津005,
1377,清音宮,西秦王爺,旗津區,中洲巷38號,管理人制,5712628,莊福進,道,募,津016,
1378,高雄市鳳天宮,五府千歲,旗津區,敦和街2巷68弄13號,管理委員會制,5713724,郭武文,道,募,津002,
1379,文武聖廟,文衡聖帝,旗津區,廟前路85號,管理人(住持)制,5715319,黃明正,儒,募,津013,
1380,萬應公祖,萬應公祖,旗津區,安住巷62號,管理人(住持)制,5718184,夏國明,道,募,津007,
1381,紫竹寺,觀音佛祖,旗津區,中洲巷138-3號,管理委員會制,5713591,陳國福,佛,募,津003,
1382,保安金山寺,觀音佛祖,旗津區,中洲二路117號,管理委員會制,5718135,郭石民,道,募,津010,
1383,旗津天后宮,天上聖母,旗津區,廟前路93號,管理人(住持)制,5712115,陳冠銘,道,募,津018,
1384,天鳳宮,甘露神,旗津區,旗下里旗下巷14號,管理人(住持)制,5715463,梁慶祥,道,募,津009,
1385,明心社修善堂,關聖帝君,旗津區,吉祥巷68號,管理人(住持)制,5715771,李財團,儒,募,津012,
1386,鳳山寺,廣澤尊王,旗津區,旗津二路257號,管理委員會制,5712744,郭明富,道,募,津004,
1387,福壽宮,劉府千歲,旗津區,旗津三路954巷11之1號,管理委員會制,5715484,"登記證：王天德
實際主委：黃如海",道,募,津015,
1388,勸善社志德堂,關聖帝君、觀音菩薩,旗津區,中洲巷52號,管理人制,5711433,翁榮春,儒,募,津014,
1389,朝龍宮,天上聖母,旗津區,南汕里北汕巷20號,管理委員會制,5715615,孫文鴻,道,募,津001,
1390,三聖公,彩鳳公,旗津區,旗津二路257-6號,管理委員會制,5713766,孫石寅,道,募,,津補003
1391,高雄市旗津區八德公,黃極公、停極公、性叔公、正興公、添丁公、周伯公、國保公、水性公,旗津區,旗津二路257之5號,管理委員會制,5716916,莊金準,道,募,,津補004
1392,花菓山天音寺,齊天大聖,旗津區,北汕巷40之1號,管理委員會制,5715580,孫武生,道,募,,津補007
1393,神農宮,神農大帝,旗津區,南汕里南汕巷38號,管理人(住持)制,5713482,蔡金水,道,募,,津補006
1394,上竹天鳳宮,吳府千歲、五府千歲,旗津區,上竹巷143號,管理委員會制,5717834,孫信忠,道,募,津006,
1395,旗津天聖宮,天上聖母,旗津區,旗津三路52號,管理委員會制,"5714363
5715459",黃福盛,道,募,津017,
1396,中洲廣濟宮,觀音佛祖、天上聖母,旗津區,旗津二路255號,管理委員會制,5717794,劉國正,道,募,津008,
1397,中洲靈聖宮,天上聖母、池王爺,旗津區,中洲一路937之1號,管理委員會制,5718666,池明川,道,募,,津補002
1398,憫愍寺,觀世音,旗津區,旗津三路788號,管理委員會制,5710302,紀夙媛,佛,募,津011,
1399,清靜寺,釋迦牟尼佛,旗津區,中洲二路430巷20之1號,管理人(住持)制,5716905,釋宏海,佛,募,,津補001
1400,西方社慈善堂,關聖帝君,旗津區,中洲二路151-5號,管理人制,5716799,孫清禮,儒,募,,津補005
1401,慈賢宮,先生公,旗津區,敦和街2巷98弄24-1號,管理人制,5716817,吳明昇,道,募,,津補008
1402,妙崇寺,釋迦牟尼佛,前鎮區,衙愛街68號,執事會制,8213353,吳碧珠(釋宏安),佛,募,鎮022,
1403,碧天府,五府千歲,前鎮區,興旺路426號,管理委員會制,8122993,朱庭界,道,募,鎮027,
1404,紅毛港朝天宮,天上聖母,前鎮區,明鳳三路51號,管理委員會制,7935212,蘇發成,道,募,鎮011,
1405,濟天宮,張府千歲,前鎮區,明鳳三路220號,管理委員會制,7935126,李義三,道,募,鎮016,
1406,高雄市前鎮慈德宮,天上聖母,前鎮區,鎮榮街91號,管理委員會制,8416831,林金藝,道,募,,鎮補006
1407,天龍宮,何府千歲,前鎮區,明鳳三路216號,管理委員會制,7935686,吳德山,道,募,鎮019,
1408,城隍廟,城隍爺,前鎮區,明鳳三路59巷21號,管理委員會制,7935279,蘇秋木,道,募,鎮024,
1409,崗山仔保安宮,天上聖母,前鎮區,瑞義街14號,管理人制,7613580,莊太郎,道,募,鎮026,
1410,天臺聖宮,明明上帝,前鎮區,景德路2號,管理委員會制,3329085,陳有財,一貫道,募,鎮015,
1411,財團法人高雄市佛公天后宮,天上聖母,前鎮區,天后街34號,財團法人制,8316812,黃盛輝,道,募,鎮017,
1412,鎮顯宮,周府千歲,前鎮區,鎮川一巷99之7號,管理人制,8213540,劉真添,道,募,鎮020,
1413,明善天道院,文衡聖帝,前鎮區,嘉陵街3號,管理委員會制,3320953,孫瑞敏,道,募,鎮002,
1414,明心社警善堂,文衡聖帝,前鎮區,前鎮二巷10之1號,管理人制,8213894,朱文慶,儒,募,鎮005,
1415,信徹禪寺,釋迦牟尼佛,前鎮區,保泰路177號,執事會制,7172170,張梅嬌(釋天得),佛,募,鎮023,
1416,財團法人高雄市憲德宮,五府千歲,前鎮區,籬仔內路76號,財團法人制,7715505,沈朝明,道,募,鎮001,
1417,高茄金鑾宮,天上聖母,前鎮區,隆興街11巷22號,管理人制,7511484,郭高傑,道,募,鎮009,
1418,聖天宮,天上聖母,前鎮區,忠誠路214之1號,管理委員會制,8310288,張景宏,道,募,鎮029,
1419,大乘寺,釋迦牟尼佛,前鎮區,明道六街27號,執事會制,8217365,潘東楷,佛,募,鎮028,
1420,明性佛堂,觀世音菩薩,前鎮區,佛南街128號,管理人制,8210426,曾盆,佛,募,鎮014,
1421,三龍宮,三代祖師,前鎮區,福民街45巷17號,管理委員會制,8416798,龔孟,道,募,鎮021,
1422,財團法人高雄市前鎮鎮南宮,文衡聖帝,前鎮區,鎮旺街1號,財團法人制,8214456,朱風水,道,募,鎮003,
1423,財團法人高雄市草衙朝陽寺,觀世音菩薩,前鎮區,草衙中街34號,財團法人制,8311009,張進福,佛,募,鎮006,
1424,財團法人高雄市率性佛堂,觀世音菩薩,前鎮區,草衙中街36號,財團法人制,8210516,謝武德,佛,募,鎮013,
1425,財團法人高雄市廣濟宮,保生大帝,前鎮區,中山二路217號,財團法人制,3335063,吳銘賜,道,募,鎮007,
1426,高雄市前鎮南聖宮,天上聖母,前鎮區,鎮州路225號,管理委員會制,8310297,林芳生,道,募,,鎮補005
1427,明正堂,文海城隍,前鎮區,興旺路416號,管理委員會制,8128033,周政德,道,募,鎮010,
1428,永弘寺,釋迦牟尼佛,前鎮區,凱旋四路138號,執事會制,8213679,陳秀英(釋圓智),佛,募,鎮018,
1429,真理宮,崗山佛祖,前鎮區,國光路51巷5-1號,管理委員會制,8226090,王添福,道,募,,鎮補012
1430,南海清宮,閰羅天子,前鎮區,興旺路418號,管理委員會制,8416753,陳鍵安,道,募,鎮012,
1431,高雄市五顯宮,五顯靈官大帝,前鎮區,德昌路159巷10號,管理委員會制,8319821,董國欽,道,募,,鎮補008
1432,高雄市西甲凌霄寶殿,玉皇上帝,前鎮區,修文街51號,管理委員會制,3339037,梁瑞恩,道,募,,鎮補013
1433,無極天元聖道院,順天聖母,前鎮區,佛西街63號,管理人制,8120258,柳凱文,儒,募,,
1434,南天府五府殿,五府千歲、清水祖師,前鎮區,廣西路428號,管理委員會制,3340507,陳政龍,道,募,,鎮補003
1435,龍鳳宮,碧霞元君,前鎮區,德昌路80巷46號,管理人制,8216564,朱鴻山,道,募,,鎮補007
1437,高雄市崗山仔南天府,五府千歲,前鎮區,瑞福路103之1號,管理委員會制,7226352,陳春龍,道,募,,鎮補001
1438,保吉宮,吳府千歲,前鎮區,鎮中路240巷26號,管理委員會制,8123276,陳賜財,道,募,,鎮補010
1439,三十六天罡壇,朱府千歲,前鎮區,同安路50號,管理委員會制,8110065,李蒼麟,道,募,鎮004,
1440,龍安宮,五府千歲,前鎮區,鎮東一街359之1號,管理人制,8118193,陳樹煌,道,募,,鎮補015
1441,永安宮,遊巡七王,前鎮區,翠亨北路83號,管理委員會制,8310784,黃信興,道,募,,鎮補002
1442,獅甲慈明宮,天上聖母,前鎮區,廣西路416號,管理委員會制,3331091,黃土城,道,募,,鎮補004
1443,天安宮,天上聖母,前鎮區,衙國一街140號,管理人制,8216263,黃照雄,道,募,,鎮補011
1444,旨恩宮,吳府千歲,前鎮區,武慶一路58號,管理委員會制,7221371,郭連謀,道,募,鎮008,
1445,慈正宮,霞海城隍,前鎮區,興旺路331巷12號,管理人制,8117902,朱世傑,道,募,,鎮補009
1446,三天宮,中壇元帥,前鎮區,興旺路420號,管理委員會制,8316696,林作榮,道,募,鎮025,
1447,隆后宮,天上聖母,田寮區,古亭里廟後巷1號,管理委員會制,6367519,林明春,道,募,田011,
1448,日月禪寺,釋迦牟尼佛,田寮區,崇德里月球路36號,執事會制,6366611,釋圓宗,佛,募,田010,
1449,峰月宮,李三娘,田寮區,崇德里小滾水2-1號,管理委員會制,6366410,陳平福,道,募,田003,
1450,酆霄寶殿,酆都大帝,田寮區,三和里中坑20號,管理委員會制,6366042,張志成,道,募,田007,
1451,大南天福德祠,福德正神,田寮區,南安里崗安路107號,管理委員會制,6361565,洪寶川,道,募,田001,
1452,五王宮,五王公,田寮區,南安里崗安路60號,管理人制,6314566,王金水,道,募,田009,
1453,西方三聖寺,釋迦牟尼佛,田寮區,南安里崗安路52之1號,管理人制,6361683,王乙明(釋自凱),佛,募,田004,
1454,朝元寺,觀音佛祖,田寮區,南安里崗安路14號,管理委員會制,6381201 6362336,陳隶昇,佛,募,田002,
1455,聯聖宮,天上聖母,田寮區,南安里南安路43號,管理委員會制,6362159,楊清淵,道,募,田006,
1456,普唵宮,普唵佛祖,田寮區,田寮里牛寮8號,管理委員會制,6361467,施登發,道,募,田014,
1457,崑山宮,王爺公,田寮區,田寮里崑山路22號,管理人制,6361036,賴俊傑,道,募,田016,
1458,秀峯寺,連奶夫人,田寮區,田寮里秀峯路12號,管理委員會制,6381039,蔡華僑,道,募,田015,
1459,清龍山寺,觀音佛祖,田寮區,七星里大坵園8號,管理委員會制,6361431,蔡照鴻,道,募,田005,
1460,龍鳳寺,觀音佛祖,田寮區,新興里和興路39之5號,管理委員會制,6381496、6381676,施文宗,道,募,田013,
1461,崑山宮龍山寺,天上聖母,田寮區,新興里新興路107號,管理委員會制,6361974,柯能發,道,募,田012,
1462,清水廟,清水祖師,田寮區,西德里新路39之1號,管理委員會制,6366027,陳寶泰,道,募,田008,
1463,西湖宮,關聖帝君,田寮區,三和里茄苳湖18號,管理委員會制,,王介水,道,募,田017,
1464,應菜龍北極殿,玄天上帝,田寮區,古亭里15鄰應菜龍8之1號,管理委員會制,6367628,許吉太,道,募,田018,
1465,聖母宮,天上聖母,田寮區,大同里平安路47之1號,管理人制,6361648,朱銅樹,道,募,,田補014
1466,清安宮,清水祖師,田寮區,鹿埔里鹿南巷30之1號,管理委員會制,6367748,盧文禎,道,募,,田補004
1467,發天宮,天上聖母,田寮區,崇德里月球路12號,管理委員會制,6366352 6366851,林萬釧,道,募,,田補001
1468,進天宮,天上聖母,田寮區,崇德里社區巷7號,管理委員會制,6366663,鄭大義,道,募,,田補011
1469,聖君廟,法主公,田寮區,新興里山隙15號,管理委員會制,6362368,楊金良,道,募,,田補005
1470,宏宮寺,觀音佛祖,田寮區,七星里田草埔5之1號,管理委員會制,6381378,林久春,道,募,,田補018
1471,慈清宮,陳奶夫人,田寮區,西德里新廍巷14號,管理委員會制,6366377,許阿順,道,募,,田補003
1472,八寶山九龍寺,釋迦牟尼佛,田寮區,三和里旗亭巷30之1號,管理人制,6366171,孫一文,佛,募,,田補010
1473,玄烜宮,玄天上帝,田寮區,七星里七星路10之1號,管理委員會制,6361209,林金全,道,募,,田補012
1474,法華聖堂,彌樂古佛,田寮區,南安里崗安路13號,管理委員會制,6361946,李聚財,一貫道,募,,田補002
1475,皇安宮,天上聖母,田寮區,三和里茄冬湖11之1號,管理委員會制,6366180,林清民,道,募,,田補013
1476,玉清府,九府千歲,田寮區,三和里中坑17之1號,管理委員會制,6366057 6361336,王志丞,道,募,,田補015
1477,慈安宮,媽祖,田寮區,三和里旗亭巷12號,管理委員會制,6366176,黃敬育,道,募,,田補006
1478,善音寺,觀音佛祖,田寮區,古亭里筏路頭8號,管理人制,6367940,朱復成,道,募,,田補021
1479,峰聖宮,媽祖,田寮區,南安里內安7之10號,管理委員會制,6315161,何炎文,道,募,,田補019
1480,旨天宮,天上聖母,田寮區,鹿埔里鹿南巷21之1號,管理人制,6367516,劉源宏,道,募,,田補020
1481,觀音寺,大嬤觀音,田寮區,古亭里茅草山8之1號,管理人制,6366214,吳泰平,佛,募,,田補007
1482,南安聖母宮,天上聖母,田寮區,南安里南安路89之9號,管理委員會制,6361720,陳東和,道,募,,田補016
1483,義民爺亭,義民爺公,田寮區,西德里山腳巷1之10號,管理委員會制,6366798,陳啟介,道,募,,田補008
1484,無極順天宮,順天聖母,田寮區,大同里平安路47之2號,管理人制,6362080,陳日上,道,募,,田補017
1485,薛王廟,薛府元帥,田寮區,田寮里崑山路3之3號,管理委員會制,5881599,薛國泉,道,募,,田補009
,,,,,,,,,,,
